passage_id,product_key,model,category,brand,section,text
K00000,P0000,A495-B,ワイヤレスイヤホン,ノースピーク,仕様,A495-B の重量は 225 グラムです。
K00001,P0000,A495-B,ワイヤレスイヤホン,ノースピーク,保証,A495-B のメーカー保証期間は 24 か月です。
K00002,P0000,A495-B,ワイヤレスイヤホン,ノースピーク,付属品,A495-B には専用ケースと充電ケーブルが 3 本同梱されます。
K00003,P0000,A495-B,ワイヤレスイヤホン,ノースピーク,注意事項,A495-B は開封後 14 日以内であれば返品を受け付けます。
K00004,P0001,A495-C,腕時計,アカネ電機,仕様,A495-C の重量は 149 グラムです。
K00005,P0001,A495-C,腕時計,アカネ電機,保証,A495-C のメーカー保証期間は 36 か月です。
K00006,P0001,A495-C,腕時計,アカネ電機,付属品,A495-C には専用ケースと充電ケーブルが 2 本同梱されます。
K00007,P0001,A495-C,腕時計,アカネ電機,注意事項,A495-C は開封後 14 日以内であれば返品を受け付けます。
K00008,P0002,B251-B,掃除機,ハヤブサ,仕様,B251-B の重量は 290 グラムです。
K00009,P0002,B251-B,掃除機,ハヤブサ,保証,B251-B のメーカー保証期間は 24 か月です。
K00010,P0002,B251-B,掃除機,ハヤブサ,付属品,B251-B には専用ケースと充電ケーブルが 1 本同梱されます。
K00011,P0002,B251-B,掃除機,ハヤブサ,注意事項,B251-B は開封後 30 日以内であれば返品を受け付けます。
K00012,P0003,B251-C,掃除機,ミドリワークス,仕様,B251-C の重量は 200 グラムです。
K00013,P0003,B251-C,掃除機,ミドリワークス,保証,B251-C のメーカー保証期間は 6 か月です。
K00014,P0003,B251-C,掃除機,ミドリワークス,付属品,B251-C には専用ケースと充電ケーブルが 1 本同梱されます。
K00015,P0003,B251-C,掃除機,ミドリワークス,注意事項,B251-C は開封後 14 日以内であれば返品を受け付けます。
K00016,P0004,C427-B,ワイヤレスイヤホン,ミドリワークス,仕様,C427-B の重量は 430 グラムです。
K00017,P0004,C427-B,ワイヤレスイヤホン,ミドリワークス,保証,C427-B のメーカー保証期間は 12 か月です。
K00018,P0004,C427-B,ワイヤレスイヤホン,ミドリワークス,付属品,C427-B には専用ケースと充電ケーブルが 2 本同梱されます。
K00019,P0004,C427-B,ワイヤレスイヤホン,ミドリワークス,注意事項,C427-B は開封後 30 日以内であれば返品を受け付けます。
K00020,P0005,C427-C,掃除機,ノースピーク,仕様,C427-C の重量は 365 グラムです。
K00021,P0005,C427-C,掃除機,ノースピーク,保証,C427-C のメーカー保証期間は 24 か月です。
K00022,P0005,C427-C,掃除機,ノースピーク,付属品,C427-C には専用ケースと充電ケーブルが 3 本同梱されます。
K00023,P0005,C427-C,掃除機,ノースピーク,注意事項,C427-C は開封後 30 日以内であれば返品を受け付けます。
K00024,P0006,D342-B,ワイヤレスイヤホン,ミドリワークス,仕様,D342-B の重量は 407 グラムです。
K00025,P0006,D342-B,ワイヤレスイヤホン,ミドリワークス,保証,D342-B のメーカー保証期間は 36 か月です。
K00026,P0006,D342-B,ワイヤレスイヤホン,ミドリワークス,付属品,D342-B には専用ケースと充電ケーブルが 3 本同梱されます。
K00027,P0006,D342-B,ワイヤレスイヤホン,ミドリワークス,注意事項,D342-B は開封後 8 日以内であれば返品を受け付けます。
K00028,P0007,D342-C,掃除機,アカネ電機,仕様,D342-C の重量は 219 グラムです。
K00029,P0007,D342-C,掃除機,アカネ電機,保証,D342-C のメーカー保証期間は 24 か月です。
K00030,P0007,D342-C,掃除機,アカネ電機,付属品,D342-C には専用ケースと充電ケーブルが 1 本同梱されます。
K00031,P0007,D342-C,掃除機,アカネ電機,注意事項,D342-C は開封後 14 日以内であれば返品を受け付けます。
K00032,P0008,E722-B,腕時計,ハヤブサ,仕様,E722-B の重量は 340 グラムです。
K00033,P0008,E722-B,腕時計,ハヤブサ,保証,E722-B のメーカー保証期間は 18 か月です。
K00034,P0008,E722-B,腕時計,ハヤブサ,付属品,E722-B には専用ケースと充電ケーブルが 1 本同梱されます。
K00035,P0008,E722-B,腕時計,ハヤブサ,注意事項,E722-B は開封後 7 日以内であれば返品を受け付けます。
K00036,P0009,E722-C,ノートパソコン,ノースピーク,仕様,E722-C の重量は 291 グラムです。
K00037,P0009,E722-C,ノートパソコン,ノースピーク,保証,E722-C のメーカー保証期間は 12 か月です。
K00038,P0009,E722-C,ノートパソコン,ノースピーク,付属品,E722-C には専用ケースと充電ケーブルが 2 本同梱されます。
K00039,P0009,E722-C,ノートパソコン,ノースピーク,注意事項,E722-C は開封後 30 日以内であれば返品を受け付けます。
K00040,P0010,F863-B,掃除機,ミドリワークス,仕様,F863-B の重量は 215 グラムです。
K00041,P0010,F863-B,掃除機,ミドリワークス,保証,F863-B のメーカー保証期間は 18 か月です。
K00042,P0010,F863-B,掃除機,ミドリワークス,付属品,F863-B には専用ケースと充電ケーブルが 1 本同梱されます。
K00043,P0010,F863-B,掃除機,ミドリワークス,注意事項,F863-B は開封後 7 日以内であれば返品を受け付けます。
K00044,P0011,F863-C,掃除機,ソライロ,仕様,F863-C の重量は 196 グラムです。
K00045,P0011,F863-C,掃除機,ソライロ,保証,F863-C のメーカー保証期間は 24 か月です。
K00046,P0011,F863-C,掃除機,ソライロ,付属品,F863-C には専用ケースと充電ケーブルが 2 本同梱されます。
K00047,P0011,F863-C,掃除機,ソライロ,注意事項,F863-C は開封後 14 日以内であれば返品を受け付けます。
K00048,P0012,G926-B,腕時計,ソライロ,仕様,G926-B の重量は 247 グラムです。
K00049,P0012,G926-B,腕時計,ソライロ,保証,G926-B のメーカー保証期間は 12 か月です。
K00050,P0012,G926-B,腕時計,ソライロ,付属品,G926-B には専用ケースと充電ケーブルが 1 本同梱されます。
K00051,P0012,G926-B,腕時計,ソライロ,注意事項,G926-B は開封後 30 日以内であれば返品を受け付けます。
K00052,P0013,G926-C,ノートパソコン,ハヤブサ,仕様,G926-C の重量は 165 グラムです。
K00053,P0013,G926-C,ノートパソコン,ハヤブサ,保証,G926-C のメーカー保証期間は 18 か月です。
K00054,P0013,G926-C,ノートパソコン,ハヤブサ,付属品,G926-C には専用ケースと充電ケーブルが 2 本同梱されます。
K00055,P0013,G926-C,ノートパソコン,ハヤブサ,注意事項,G926-C は開封後 14 日以内であれば返品を受け付けます。
K00056,P0014,H948-B,ノートパソコン,ノースピーク,仕様,H948-B の重量は 408 グラムです。
K00057,P0014,H948-B,ノートパソコン,ノースピーク,保証,H948-B のメーカー保証期間は 12 か月です。
K00058,P0014,H948-B,ノートパソコン,ノースピーク,付属品,H948-B には専用ケースと充電ケーブルが 1 本同梱されます。
K00059,P0014,H948-B,ノートパソコン,ノースピーク,注意事項,H948-B は開封後 7 日以内であれば返品を受け付けます。
K00060,P0015,H948-C,腕時計,アカネ電機,仕様,H948-C の重量は 431 グラムです。
K00061,P0015,H948-C,腕時計,アカネ電機,保証,H948-C のメーカー保証期間は 12 か月です。
K00062,P0015,H948-C,腕時計,アカネ電機,付属品,H948-C には専用ケースと充電ケーブルが 1 本同梱されます。
K00063,P0015,H948-C,腕時計,アカネ電機,注意事項,H948-C は開封後 14 日以内であれば返品を受け付けます。
K00064,P0016,I416-B,腕時計,ミドリワークス,仕様,I416-B の重量は 134 グラムです。
K00065,P0016,I416-B,腕時計,ミドリワークス,保証,I416-B のメーカー保証期間は 24 か月です。
K00066,P0016,I416-B,腕時計,ミドリワークス,付属品,I416-B には専用ケースと充電ケーブルが 2 本同梱されます。
K00067,P0016,I416-B,腕時計,ミドリワークス,注意事項,I416-B は開封後 14 日以内であれば返品を受け付けます。
K00068,P0017,I416-C,ワイヤレスイヤホン,ソライロ,仕様,I416-C の重量は 427 グラムです。
K00069,P0017,I416-C,ワイヤレスイヤホン,ソライロ,保証,I416-C のメーカー保証期間は 24 か月です。
K00070,P0017,I416-C,ワイヤレスイヤホン,ソライロ,付属品,I416-C には専用ケースと充電ケーブルが 3 本同梱されます。
K00071,P0017,I416-C,ワイヤレスイヤホン,ソライロ,注意事項,I416-C は開封後 8 日以内であれば返品を受け付けます。
K00072,P0018,J455-B,冷蔵庫,ソライロ,仕様,J455-B の重量は 234 グラムです。
K00073,P0018,J455-B,冷蔵庫,ソライロ,保証,J455-B のメーカー保証期間は 18 か月です。
K00074,P0018,J455-B,冷蔵庫,ソライロ,付属品,J455-B には専用ケースと充電ケーブルが 3 本同梱されます。
K00075,P0018,J455-B,冷蔵庫,ソライロ,注意事項,J455-B は開封後 8 日以内であれば返品を受け付けます。
K00076,P0019,J455-C,冷蔵庫,ミドリワークス,仕様,J455-C の重量は 346 グラムです。
K00077,P0019,J455-C,冷蔵庫,ミドリワークス,保証,J455-C のメーカー保証期間は 18 か月です。
K00078,P0019,J455-C,冷蔵庫,ミドリワークス,付属品,J455-C には専用ケースと充電ケーブルが 1 本同梱されます。
K00079,P0019,J455-C,冷蔵庫,ミドリワークス,注意事項,J455-C は開封後 14 日以内であれば返品を受け付けます。
K00080,P0020,K187-B,ノートパソコン,ミドリワークス,仕様,K187-B の重量は 349 グラムです。
K00081,P0020,K187-B,ノートパソコン,ミドリワークス,保証,K187-B のメーカー保証期間は 24 か月です。
K00082,P0020,K187-B,ノートパソコン,ミドリワークス,付属品,K187-B には専用ケースと充電ケーブルが 3 本同梱されます。
K00083,P0020,K187-B,ノートパソコン,ミドリワークス,注意事項,K187-B は開封後 8 日以内であれば返品を受け付けます。
K00084,P0021,K187-C,掃除機,ハヤブサ,仕様,K187-C の重量は 287 グラムです。
K00085,P0021,K187-C,掃除機,ハヤブサ,保証,K187-C のメーカー保証期間は 12 か月です。
K00086,P0021,K187-C,掃除機,ハヤブサ,付属品,K187-C には専用ケースと充電ケーブルが 1 本同梱されます。
K00087,P0021,K187-C,掃除機,ハヤブサ,注意事項,K187-C は開封後 14 日以内であれば返品を受け付けます。
K00088,P0022,L419-B,ワイヤレスイヤホン,ソライロ,仕様,L419-B の重量は 263 グラムです。
K00089,P0022,L419-B,ワイヤレスイヤホン,ソライロ,保証,L419-B のメーカー保証期間は 18 か月です。
K00090,P0022,L419-B,ワイヤレスイヤホン,ソライロ,付属品,L419-B には専用ケースと充電ケーブルが 3 本同梱されます。
K00091,P0022,L419-B,ワイヤレスイヤホン,ソライロ,注意事項,L419-B は開封後 8 日以内であれば返品を受け付けます。
K00092,P0023,L419-C,ノートパソコン,アカネ電機,仕様,L419-C の重量は 280 グラムです。
K00093,P0023,L419-C,ノートパソコン,アカネ電機,保証,L419-C のメーカー保証期間は 24 か月です。
K00094,P0023,L419-C,ノートパソコン,アカネ電機,付属品,L419-C には専用ケースと充電ケーブルが 2 本同梱されます。
K00095,P0023,L419-C,ノートパソコン,アカネ電機,注意事項,L419-C は開封後 8 日以内であれば返品を受け付けます。
K00096,P0024,M242-B,ノートパソコン,ハヤブサ,仕様,M242-B の重量は 225 グラムです。
K00097,P0024,M242-B,ノートパソコン,ハヤブサ,保証,M242-B のメーカー保証期間は 6 か月です。
K00098,P0024,M242-B,ノートパソコン,ハヤブサ,付属品,M242-B には専用ケースと充電ケーブルが 1 本同梱されます。
K00099,P0024,M242-B,ノートパソコン,ハヤブサ,注意事項,M242-B は開封後 14 日以内であれば返品を受け付けます。
K00100,P0025,M242-C,ワイヤレスイヤホン,ノースピーク,仕様,M242-C の重量は 330 グラムです。
K00101,P0025,M242-C,ワイヤレスイヤホン,ノースピーク,保証,M242-C のメーカー保証期間は 12 か月です。
K00102,P0025,M242-C,ワイヤレスイヤホン,ノースピーク,付属品,M242-C には専用ケースと充電ケーブルが 2 本同梱されます。
K00103,P0025,M242-C,ワイヤレスイヤホン,ノースピーク,注意事項,M242-C は開封後 14 日以内であれば返品を受け付けます。
K00104,P0026,N185-B,冷蔵庫,ソライロ,仕様,N185-B の重量は 320 グラムです。
K00105,P0026,N185-B,冷蔵庫,ソライロ,保証,N185-B のメーカー保証期間は 6 か月です。
K00106,P0026,N185-B,冷蔵庫,ソライロ,付属品,N185-B には専用ケースと充電ケーブルが 3 本同梱されます。
K00107,P0026,N185-B,冷蔵庫,ソライロ,注意事項,N185-B は開封後 7 日以内であれば返品を受け付けます。
K00108,P0027,N185-C,冷蔵庫,ミドリワークス,仕様,N185-C の重量は 374 グラムです。
K00109,P0027,N185-C,冷蔵庫,ミドリワークス,保証,N185-C のメーカー保証期間は 18 か月です。
K00110,P0027,N185-C,冷蔵庫,ミドリワークス,付属品,N185-C には専用ケースと充電ケーブルが 1 本同梱されます。
K00111,P0027,N185-C,冷蔵庫,ミドリワークス,注意事項,N185-C は開封後 30 日以内であれば返品を受け付けます。
K00112,P0028,O924-B,腕時計,ミドリワークス,仕様,O924-B の重量は 377 グラムです。
K00113,P0028,O924-B,腕時計,ミドリワークス,保証,O924-B のメーカー保証期間は 24 か月です。
K00114,P0028,O924-B,腕時計,ミドリワークス,付属品,O924-B には専用ケースと充電ケーブルが 3 本同梱されます。
K00115,P0028,O924-B,腕時計,ミドリワークス,注意事項,O924-B は開封後 7 日以内であれば返品を受け付けます。
K00116,P0029,O924-C,掃除機,アカネ電機,仕様,O924-C の重量は 131 グラムです。
K00117,P0029,O924-C,掃除機,アカネ電機,保証,O924-C のメーカー保証期間は 24 か月です。
K00118,P0029,O924-C,掃除機,アカネ電機,付属品,O924-C には専用ケースと充電ケーブルが 2 本同梱されます。
K00119,P0029,O924-C,掃除機,アカネ電機,注意事項,O924-C は開封後 7 日以内であれば返品を受け付けます。
K00120,P0030,P944-B,冷蔵庫,アカネ電機,仕様,P944-B の重量は 356 グラムです。
K00121,P0030,P944-B,冷蔵庫,アカネ電機,保証,P944-B のメーカー保証期間は 24 か月です。
K00122,P0030,P944-B,冷蔵庫,アカネ電機,付属品,P944-B には専用ケースと充電ケーブルが 1 本同梱されます。
K00123,P0030,P944-B,冷蔵庫,アカネ電機,注意事項,P944-B は開封後 7 日以内であれば返品を受け付けます。
K00124,P0031,P944-C,冷蔵庫,ミドリワークス,仕様,P944-C の重量は 173 グラムです。
K00125,P0031,P944-C,冷蔵庫,ミドリワークス,保証,P944-C のメーカー保証期間は 12 か月です。
K00126,P0031,P944-C,冷蔵庫,ミドリワークス,付属品,P944-C には専用ケースと充電ケーブルが 3 本同梱されます。
K00127,P0031,P944-C,冷蔵庫,ミドリワークス,注意事項,P944-C は開封後 14 日以内であれば返品を受け付けます。
K00128,P0032,Q104-B,ワイヤレスイヤホン,アカネ電機,仕様,Q104-B の重量は 457 グラムです。
K00129,P0032,Q104-B,ワイヤレスイヤホン,アカネ電機,保証,Q104-B のメーカー保証期間は 24 か月です。
K00130,P0032,Q104-B,ワイヤレスイヤホン,アカネ電機,付属品,Q104-B には専用ケースと充電ケーブルが 3 本同梱されます。
K00131,P0032,Q104-B,ワイヤレスイヤホン,アカネ電機,注意事項,Q104-B は開封後 7 日以内であれば返品を受け付けます。
K00132,P0033,Q104-C,ノートパソコン,ハヤブサ,仕様,Q104-C の重量は 315 グラムです。
K00133,P0033,Q104-C,ノートパソコン,ハヤブサ,保証,Q104-C のメーカー保証期間は 36 か月です。
K00134,P0033,Q104-C,ノートパソコン,ハヤブサ,付属品,Q104-C には専用ケースと充電ケーブルが 3 本同梱されます。
K00135,P0033,Q104-C,ノートパソコン,ハヤブサ,注意事項,Q104-C は開封後 8 日以内であれば返品を受け付けます。
K00136,P0034,R567-B,掃除機,ハヤブサ,仕様,R567-B の重量は 204 グラムです。
K00137,P0034,R567-B,掃除機,ハヤブサ,保証,R567-B のメーカー保証期間は 24 か月です。
K00138,P0034,R567-B,掃除機,ハヤブサ,付属品,R567-B には専用ケースと充電ケーブルが 1 本同梱されます。
K00139,P0034,R567-B,掃除機,ハヤブサ,注意事項,R567-B は開封後 30 日以内であれば返品を受け付けます。
K00140,P0035,R567-C,ワイヤレスイヤホン,ソライロ,仕様,R567-C の重量は 327 グラムです。
K00141,P0035,R567-C,ワイヤレスイヤホン,ソライロ,保証,R567-C のメーカー保証期間は 18 か月です。
K00142,P0035,R567-C,ワイヤレスイヤホン,ソライロ,付属品,R567-C には専用ケースと充電ケーブルが 2 本同梱されます。
K00143,P0035,R567-C,ワイヤレスイヤホン,ソライロ,注意事項,R567-C は開封後 30 日以内であれば返品を受け付けます。
K00144,P0036,S416-B,ワイヤレスイヤホン,ソライロ,仕様,S416-B の重量は 164 グラムです。
K00145,P0036,S416-B,ワイヤレスイヤホン,ソライロ,保証,S416-B のメーカー保証期間は 12 か月です。
K00146,P0036,S416-B,ワイヤレスイヤホン,ソライロ,付属品,S416-B には専用ケースと充電ケーブルが 2 本同梱されます。
K00147,P0036,S416-B,ワイヤレスイヤホン,ソライロ,注意事項,S416-B は開封後 8 日以内であれば返品を受け付けます。
K00148,P0037,S416-C,ワイヤレスイヤホン,ノースピーク,仕様,S416-C の重量は 314 グラムです。
K00149,P0037,S416-C,ワイヤレスイヤホン,ノースピーク,保証,S416-C のメーカー保証期間は 24 か月です。
K00150,P0037,S416-C,ワイヤレスイヤホン,ノースピーク,付属品,S416-C には専用ケースと充電ケーブルが 1 本同梱されます。
K00151,P0037,S416-C,ワイヤレスイヤホン,ノースピーク,注意事項,S416-C は開封後 14 日以内であれば返品を受け付けます。
K00152,P0038,T559-B,腕時計,ノースピーク,仕様,T559-B の重量は 429 グラムです。
K00153,P0038,T559-B,腕時計,ノースピーク,保証,T559-B のメーカー保証期間は 24 か月です。
K00154,P0038,T559-B,腕時計,ノースピーク,付属品,T559-B には専用ケースと充電ケーブルが 1 本同梱されます。
K00155,P0038,T559-B,腕時計,ノースピーク,注意事項,T559-B は開封後 14 日以内であれば返品を受け付けます。
K00156,P0039,T559-C,ワイヤレスイヤホン,ノースピーク,仕様,T559-C の重量は 384 グラムです。
K00157,P0039,T559-C,ワイヤレスイヤホン,ノースピーク,保証,T559-C のメーカー保証期間は 18 か月です。
K00158,P0039,T559-C,ワイヤレスイヤホン,ノースピーク,付属品,T559-C には専用ケースと充電ケーブルが 2 本同梱されます。
K00159,P0039,T559-C,ワイヤレスイヤホン,ノースピーク,注意事項,T559-C は開封後 7 日以内であれば返品を受け付けます。
K00160,P0040,U944-B,冷蔵庫,ノースピーク,仕様,U944-B の重量は 152 グラムです。
K00161,P0040,U944-B,冷蔵庫,ノースピーク,保証,U944-B のメーカー保証期間は 24 か月です。
K00162,P0040,U944-B,冷蔵庫,ノースピーク,付属品,U944-B には専用ケースと充電ケーブルが 1 本同梱されます。
K00163,P0040,U944-B,冷蔵庫,ノースピーク,注意事項,U944-B は開封後 8 日以内であれば返品を受け付けます。
K00164,P0041,U944-C,ワイヤレスイヤホン,ソライロ,仕様,U944-C の重量は 422 グラムです。
K00165,P0041,U944-C,ワイヤレスイヤホン,ソライロ,保証,U944-C のメーカー保証期間は 18 か月です。
K00166,P0041,U944-C,ワイヤレスイヤホン,ソライロ,付属品,U944-C には専用ケースと充電ケーブルが 3 本同梱されます。
K00167,P0041,U944-C,ワイヤレスイヤホン,ソライロ,注意事項,U944-C は開封後 30 日以内であれば返品を受け付けます。
K00168,P0042,V898-B,掃除機,ハヤブサ,仕様,V898-B の重量は 176 グラムです。
K00169,P0042,V898-B,掃除機,ハヤブサ,保証,V898-B のメーカー保証期間は 12 か月です。
K00170,P0042,V898-B,掃除機,ハヤブサ,付属品,V898-B には専用ケースと充電ケーブルが 1 本同梱されます。
K00171,P0042,V898-B,掃除機,ハヤブサ,注意事項,V898-B は開封後 14 日以内であれば返品を受け付けます。
K00172,P0043,V898-C,掃除機,ノースピーク,仕様,V898-C の重量は 414 グラムです。
K00173,P0043,V898-C,掃除機,ノースピーク,保証,V898-C のメーカー保証期間は 36 か月です。
K00174,P0043,V898-C,掃除機,ノースピーク,付属品,V898-C には専用ケースと充電ケーブルが 2 本同梱されます。
K00175,P0043,V898-C,掃除機,ノースピーク,注意事項,V898-C は開封後 8 日以内であれば返品を受け付けます。
K00176,P0044,W366-B,冷蔵庫,ノースピーク,仕様,W366-B の重量は 295 グラムです。
K00177,P0044,W366-B,冷蔵庫,ノースピーク,保証,W366-B のメーカー保証期間は 18 か月です。
K00178,P0044,W366-B,冷蔵庫,ノースピーク,付属品,W366-B には専用ケースと充電ケーブルが 3 本同梱されます。
K00179,P0044,W366-B,冷蔵庫,ノースピーク,注意事項,W366-B は開封後 7 日以内であれば返品を受け付けます。
K00180,P0045,W366-C,掃除機,ハヤブサ,仕様,W366-C の重量は 137 グラムです。
K00181,P0045,W366-C,掃除機,ハヤブサ,保証,W366-C のメーカー保証期間は 18 か月です。
K00182,P0045,W366-C,掃除機,ハヤブサ,付属品,W366-C には専用ケースと充電ケーブルが 2 本同梱されます。
K00183,P0045,W366-C,掃除機,ハヤブサ,注意事項,W366-C は開封後 8 日以内であれば返品を受け付けます。
K00184,P0046,X328-B,腕時計,ノースピーク,仕様,X328-B の重量は 143 グラムです。
K00185,P0046,X328-B,腕時計,ノースピーク,保証,X328-B のメーカー保証期間は 24 か月です。
K00186,P0046,X328-B,腕時計,ノースピーク,付属品,X328-B には専用ケースと充電ケーブルが 3 本同梱されます。
K00187,P0046,X328-B,腕時計,ノースピーク,注意事項,X328-B は開封後 30 日以内であれば返品を受け付けます。
K00188,P0047,X328-C,ワイヤレスイヤホン,ハヤブサ,仕様,X328-C の重量は 137 グラムです。
K00189,P0047,X328-C,ワイヤレスイヤホン,ハヤブサ,保証,X328-C のメーカー保証期間は 36 か月です。
K00190,P0047,X328-C,ワイヤレスイヤホン,ハヤブサ,付属品,X328-C には専用ケースと充電ケーブルが 3 本同梱されます。
K00191,P0047,X328-C,ワイヤレスイヤホン,ハヤブサ,注意事項,X328-C は開封後 8 日以内であれば返品を受け付けます。
K00192,P0048,Y859-B,ワイヤレスイヤホン,アカネ電機,仕様,Y859-B の重量は 173 グラムです。
K00193,P0048,Y859-B,ワイヤレスイヤホン,アカネ電機,保証,Y859-B のメーカー保証期間は 24 か月です。
K00194,P0048,Y859-B,ワイヤレスイヤホン,アカネ電機,付属品,Y859-B には専用ケースと充電ケーブルが 1 本同梱されます。
K00195,P0048,Y859-B,ワイヤレスイヤホン,アカネ電機,注意事項,Y859-B は開封後 30 日以内であれば返品を受け付けます。
K00196,P0049,Y859-C,ノートパソコン,ノースピーク,仕様,Y859-C の重量は 192 グラムです。
K00197,P0049,Y859-C,ノートパソコン,ノースピーク,保証,Y859-C のメーカー保証期間は 12 か月です。
K00198,P0049,Y859-C,ノートパソコン,ノースピーク,付属品,Y859-C には専用ケースと充電ケーブルが 3 本同梱されます。
K00199,P0049,Y859-C,ノートパソコン,ノースピーク,注意事項,Y859-C は開封後 30 日以内であれば返品を受け付けます。
K00200,P0050,Z456-B,ワイヤレスイヤホン,ノースピーク,仕様,Z456-B の重量は 453 グラムです。
K00201,P0050,Z456-B,ワイヤレスイヤホン,ノースピーク,保証,Z456-B のメーカー保証期間は 24 か月です。
K00202,P0050,Z456-B,ワイヤレスイヤホン,ノースピーク,付属品,Z456-B には専用ケースと充電ケーブルが 3 本同梱されます。
K00203,P0050,Z456-B,ワイヤレスイヤホン,ノースピーク,注意事項,Z456-B は開封後 7 日以内であれば返品を受け付けます。
K00204,P0051,Z456-C,掃除機,ミドリワークス,仕様,Z456-C の重量は 452 グラムです。
K00205,P0051,Z456-C,掃除機,ミドリワークス,保証,Z456-C のメーカー保証期間は 12 か月です。
K00206,P0051,Z456-C,掃除機,ミドリワークス,付属品,Z456-C には専用ケースと充電ケーブルが 3 本同梱されます。
K00207,P0051,Z456-C,掃除機,ミドリワークス,注意事項,Z456-C は開封後 14 日以内であれば返品を受け付けます。
K00208,P0052,A284-B,掃除機,アカネ電機,仕様,A284-B の重量は 142 グラムです。
K00209,P0052,A284-B,掃除機,アカネ電機,保証,A284-B のメーカー保証期間は 24 か月です。
K00210,P0052,A284-B,掃除機,アカネ電機,付属品,A284-B には専用ケースと充電ケーブルが 2 本同梱されます。
K00211,P0052,A284-B,掃除機,アカネ電機,注意事項,A284-B は開封後 8 日以内であれば返品を受け付けます。
K00212,P0053,A284-C,掃除機,ソライロ,仕様,A284-C の重量は 429 グラムです。
K00213,P0053,A284-C,掃除機,ソライロ,保証,A284-C のメーカー保証期間は 24 か月です。
K00214,P0053,A284-C,掃除機,ソライロ,付属品,A284-C には専用ケースと充電ケーブルが 1 本同梱されます。
K00215,P0053,A284-C,掃除機,ソライロ,注意事項,A284-C は開封後 30 日以内であれば返品を受け付けます。
K00216,P0054,B566-B,ノートパソコン,ミドリワークス,仕様,B566-B の重量は 239 グラムです。
K00217,P0054,B566-B,ノートパソコン,ミドリワークス,保証,B566-B のメーカー保証期間は 12 か月です。
K00218,P0054,B566-B,ノートパソコン,ミドリワークス,付属品,B566-B には専用ケースと充電ケーブルが 3 本同梱されます。
K00219,P0054,B566-B,ノートパソコン,ミドリワークス,注意事項,B566-B は開封後 30 日以内であれば返品を受け付けます。
K00220,P0055,B566-C,掃除機,アカネ電機,仕様,B566-C の重量は 276 グラムです。
K00221,P0055,B566-C,掃除機,アカネ電機,保証,B566-C のメーカー保証期間は 12 か月です。
K00222,P0055,B566-C,掃除機,アカネ電機,付属品,B566-C には専用ケースと充電ケーブルが 1 本同梱されます。
K00223,P0055,B566-C,掃除機,アカネ電機,注意事項,B566-C は開封後 7 日以内であれば返品を受け付けます。
K00224,P0056,C819-B,冷蔵庫,ハヤブサ,仕様,C819-B の重量は 262 グラムです。
K00225,P0056,C819-B,冷蔵庫,ハヤブサ,保証,C819-B のメーカー保証期間は 6 か月です。
K00226,P0056,C819-B,冷蔵庫,ハヤブサ,付属品,C819-B には専用ケースと充電ケーブルが 1 本同梱されます。
K00227,P0056,C819-B,冷蔵庫,ハヤブサ,注意事項,C819-B は開封後 7 日以内であれば返品を受け付けます。
K00228,P0057,C819-C,ノートパソコン,ミドリワークス,仕様,C819-C の重量は 223 グラムです。
K00229,P0057,C819-C,ノートパソコン,ミドリワークス,保証,C819-C のメーカー保証期間は 18 か月です。
K00230,P0057,C819-C,ノートパソコン,ミドリワークス,付属品,C819-C には専用ケースと充電ケーブルが 3 本同梱されます。
K00231,P0057,C819-C,ノートパソコン,ミドリワークス,注意事項,C819-C は開封後 8 日以内であれば返品を受け付けます。
K00232,P0058,D414-B,腕時計,ノースピーク,仕様,D414-B の重量は 422 グラムです。
K00233,P0058,D414-B,腕時計,ノースピーク,保証,D414-B のメーカー保証期間は 36 か月です。
K00234,P0058,D414-B,腕時計,ノースピーク,付属品,D414-B には専用ケースと充電ケーブルが 3 本同梱されます。
K00235,P0058,D414-B,腕時計,ノースピーク,注意事項,D414-B は開封後 30 日以内であれば返品を受け付けます。
K00236,P0059,D414-C,腕時計,ハヤブサ,仕様,D414-C の重量は 448 グラムです。
K00237,P0059,D414-C,腕時計,ハヤブサ,保証,D414-C のメーカー保証期間は 12 か月です。
K00238,P0059,D414-C,腕時計,ハヤブサ,付属品,D414-C には専用ケースと充電ケーブルが 3 本同梱されます。
K00239,P0059,D414-C,腕時計,ハヤブサ,注意事項,D414-C は開封後 14 日以内であれば返品を受け付けます。
K00240,P0060,E704-B,腕時計,ハヤブサ,仕様,E704-B の重量は 439 グラムです。
K00241,P0060,E704-B,腕時計,ハヤブサ,保証,E704-B のメーカー保証期間は 6 か月です。
K00242,P0060,E704-B,腕時計,ハヤブサ,付属品,E704-B には専用ケースと充電ケーブルが 1 本同梱されます。
K00243,P0060,E704-B,腕時計,ハヤブサ,注意事項,E704-B は開封後 7 日以内であれば返品を受け付けます。
K00244,P0061,E704-C,ノートパソコン,アカネ電機,仕様,E704-C の重量は 224 グラムです。
K00245,P0061,E704-C,ノートパソコン,アカネ電機,保証,E704-C のメーカー保証期間は 36 か月です。
K00246,P0061,E704-C,ノートパソコン,アカネ電機,付属品,E704-C には専用ケースと充電ケーブルが 2 本同梱されます。
K00247,P0061,E704-C,ノートパソコン,アカネ電機,注意事項,E704-C は開封後 30 日以内であれば返品を受け付けます。
K00248,P0062,F953-B,ノートパソコン,ミドリワークス,仕様,F953-B の重量は 354 グラムです。
K00249,P0062,F953-B,ノートパソコン,ミドリワークス,保証,F953-B のメーカー保証期間は 6 か月です。
K00250,P0062,F953-B,ノートパソコン,ミドリワークス,付属品,F953-B には専用ケースと充電ケーブルが 1 本同梱されます。
K00251,P0062,F953-B,ノートパソコン,ミドリワークス,注意事項,F953-B は開封後 30 日以内であれば返品を受け付けます。
K00252,P0063,F953-C,冷蔵庫,ノースピーク,仕様,F953-C の重量は 314 グラムです。
K00253,P0063,F953-C,冷蔵庫,ノースピーク,保証,F953-C のメーカー保証期間は 36 か月です。
K00254,P0063,F953-C,冷蔵庫,ノースピーク,付属品,F953-C には専用ケースと充電ケーブルが 2 本同梱されます。
K00255,P0063,F953-C,冷蔵庫,ノースピーク,注意事項,F953-C は開封後 8 日以内であれば返品を受け付けます。
K00256,P0064,G624-B,冷蔵庫,アカネ電機,仕様,G624-B の重量は 432 グラムです。
K00257,P0064,G624-B,冷蔵庫,アカネ電機,保証,G624-B のメーカー保証期間は 6 か月です。
K00258,P0064,G624-B,冷蔵庫,アカネ電機,付属品,G624-B には専用ケースと充電ケーブルが 1 本同梱されます。
K00259,P0064,G624-B,冷蔵庫,アカネ電機,注意事項,G624-B は開封後 7 日以内であれば返品を受け付けます。
K00260,P0065,G624-C,ノートパソコン,ハヤブサ,仕様,G624-C の重量は 452 グラムです。
K00261,P0065,G624-C,ノートパソコン,ハヤブサ,保証,G624-C のメーカー保証期間は 12 か月です。
K00262,P0065,G624-C,ノートパソコン,ハヤブサ,付属品,G624-C には専用ケースと充電ケーブルが 1 本同梱されます。
K00263,P0065,G624-C,ノートパソコン,ハヤブサ,注意事項,G624-C は開封後 8 日以内であれば返品を受け付けます。
K00264,P0066,H907-B,ノートパソコン,ハヤブサ,仕様,H907-B の重量は 307 グラムです。
K00265,P0066,H907-B,ノートパソコン,ハヤブサ,保証,H907-B のメーカー保証期間は 6 か月です。
K00266,P0066,H907-B,ノートパソコン,ハヤブサ,付属品,H907-B には専用ケースと充電ケーブルが 3 本同梱されます。
K00267,P0066,H907-B,ノートパソコン,ハヤブサ,注意事項,H907-B は開封後 30 日以内であれば返品を受け付けます。
K00268,P0067,H907-C,ワイヤレスイヤホン,ノースピーク,仕様,H907-C の重量は 328 グラムです。
K00269,P0067,H907-C,ワイヤレスイヤホン,ノースピーク,保証,H907-C のメーカー保証期間は 36 か月です。
K00270,P0067,H907-C,ワイヤレスイヤホン,ノースピーク,付属品,H907-C には専用ケースと充電ケーブルが 1 本同梱されます。
K00271,P0067,H907-C,ワイヤレスイヤホン,ノースピーク,注意事項,H907-C は開封後 30 日以内であれば返品を受け付けます。
K00272,P0068,I458-B,ノートパソコン,ノースピーク,仕様,I458-B の重量は 238 グラムです。
K00273,P0068,I458-B,ノートパソコン,ノースピーク,保証,I458-B のメーカー保証期間は 6 か月です。
K00274,P0068,I458-B,ノートパソコン,ノースピーク,付属品,I458-B には専用ケースと充電ケーブルが 1 本同梱されます。
K00275,P0068,I458-B,ノートパソコン,ノースピーク,注意事項,I458-B は開封後 8 日以内であれば返品を受け付けます。
K00276,P0069,I458-C,ワイヤレスイヤホン,アカネ電機,仕様,I458-C の重量は 378 グラムです。
K00277,P0069,I458-C,ワイヤレスイヤホン,アカネ電機,保証,I458-C のメーカー保証期間は 6 か月です。
K00278,P0069,I458-C,ワイヤレスイヤホン,アカネ電機,付属品,I458-C には専用ケースと充電ケーブルが 1 本同梱されます。
K00279,P0069,I458-C,ワイヤレスイヤホン,アカネ電機,注意事項,I458-C は開封後 7 日以内であれば返品を受け付けます。
K00280,P0070,J556-B,冷蔵庫,ハヤブサ,仕様,J556-B の重量は 289 グラムです。
K00281,P0070,J556-B,冷蔵庫,ハヤブサ,保証,J556-B のメーカー保証期間は 36 か月です。
K00282,P0070,J556-B,冷蔵庫,ハヤブサ,付属品,J556-B には専用ケースと充電ケーブルが 2 本同梱されます。
K00283,P0070,J556-B,冷蔵庫,ハヤブサ,注意事項,J556-B は開封後 14 日以内であれば返品を受け付けます。
K00284,P0071,J556-C,ノートパソコン,ミドリワークス,仕様,J556-C の重量は 231 グラムです。
K00285,P0071,J556-C,ノートパソコン,ミドリワークス,保証,J556-C のメーカー保証期間は 6 か月です。
K00286,P0071,J556-C,ノートパソコン,ミドリワークス,付属品,J556-C には専用ケースと充電ケーブルが 3 本同梱されます。
K00287,P0071,J556-C,ノートパソコン,ミドリワークス,注意事項,J556-C は開封後 7 日以内であれば返品を受け付けます。
K00288,P0072,K454-B,腕時計,ミドリワークス,仕様,K454-B の重量は 324 グラムです。
K00289,P0072,K454-B,腕時計,ミドリワークス,保証,K454-B のメーカー保証期間は 24 か月です。
K00290,P0072,K454-B,腕時計,ミドリワークス,付属品,K454-B には専用ケースと充電ケーブルが 3 本同梱されます。
K00291,P0072,K454-B,腕時計,ミドリワークス,注意事項,K454-B は開封後 7 日以内であれば返品を受け付けます。
K00292,P0073,K454-C,掃除機,アカネ電機,仕様,K454-C の重量は 314 グラムです。
K00293,P0073,K454-C,掃除機,アカネ電機,保証,K454-C のメーカー保証期間は 36 か月です。
K00294,P0073,K454-C,掃除機,アカネ電機,付属品,K454-C には専用ケースと充電ケーブルが 3 本同梱されます。
K00295,P0073,K454-C,掃除機,アカネ電機,注意事項,K454-C は開封後 30 日以内であれば返品を受け付けます。
K00296,P0074,L745-B,冷蔵庫,ソライロ,仕様,L745-B の重量は 123 グラムです。
K00297,P0074,L745-B,冷蔵庫,ソライロ,保証,L745-B のメーカー保証期間は 18 か月です。
K00298,P0074,L745-B,冷蔵庫,ソライロ,付属品,L745-B には専用ケースと充電ケーブルが 3 本同梱されます。
K00299,P0074,L745-B,冷蔵庫,ソライロ,注意事項,L745-B は開封後 7 日以内であれば返品を受け付けます。
K00300,P0075,L745-C,ノートパソコン,ミドリワークス,仕様,L745-C の重量は 403 グラムです。
K00301,P0075,L745-C,ノートパソコン,ミドリワークス,保証,L745-C のメーカー保証期間は 36 か月です。
K00302,P0075,L745-C,ノートパソコン,ミドリワークス,付属品,L745-C には専用ケースと充電ケーブルが 2 本同梱されます。
K00303,P0075,L745-C,ノートパソコン,ミドリワークス,注意事項,L745-C は開封後 7 日以内であれば返品を受け付けます。
K00304,P0076,M468-B,ノートパソコン,ハヤブサ,仕様,M468-B の重量は 215 グラムです。
K00305,P0076,M468-B,ノートパソコン,ハヤブサ,保証,M468-B のメーカー保証期間は 36 か月です。
K00306,P0076,M468-B,ノートパソコン,ハヤブサ,付属品,M468-B には専用ケースと充電ケーブルが 2 本同梱されます。
K00307,P0076,M468-B,ノートパソコン,ハヤブサ,注意事項,M468-B は開封後 8 日以内であれば返品を受け付けます。
K00308,P0077,M468-C,ノートパソコン,ハヤブサ,仕様,M468-C の重量は 269 グラムです。
K00309,P0077,M468-C,ノートパソコン,ハヤブサ,保証,M468-C のメーカー保証期間は 36 か月です。
K00310,P0077,M468-C,ノートパソコン,ハヤブサ,付属品,M468-C には専用ケースと充電ケーブルが 1 本同梱されます。
K00311,P0077,M468-C,ノートパソコン,ハヤブサ,注意事項,M468-C は開封後 7 日以内であれば返品を受け付けます。
K00312,P0078,N785-B,ワイヤレスイヤホン,アカネ電機,仕様,N785-B の重量は 400 グラムです。
K00313,P0078,N785-B,ワイヤレスイヤホン,アカネ電機,保証,N785-B のメーカー保証期間は 12 か月です。
K00314,P0078,N785-B,ワイヤレスイヤホン,アカネ電機,付属品,N785-B には専用ケースと充電ケーブルが 1 本同梱されます。
K00315,P0078,N785-B,ワイヤレスイヤホン,アカネ電機,注意事項,N785-B は開封後 8 日以内であれば返品を受け付けます。
K00316,P0079,N785-C,ノートパソコン,ハヤブサ,仕様,N785-C の重量は 268 グラムです。
K00317,P0079,N785-C,ノートパソコン,ハヤブサ,保証,N785-C のメーカー保証期間は 6 か月です。
K00318,P0079,N785-C,ノートパソコン,ハヤブサ,付属品,N785-C には専用ケースと充電ケーブルが 1 本同梱されます。
K00319,P0079,N785-C,ノートパソコン,ハヤブサ,注意事項,N785-C は開封後 30 日以内であれば返品を受け付けます。
K00320,P0080,O983-B,ワイヤレスイヤホン,ソライロ,仕様,O983-B の重量は 364 グラムです。
K00321,P0080,O983-B,ワイヤレスイヤホン,ソライロ,保証,O983-B のメーカー保証期間は 12 か月です。
K00322,P0080,O983-B,ワイヤレスイヤホン,ソライロ,付属品,O983-B には専用ケースと充電ケーブルが 2 本同梱されます。
K00323,P0080,O983-B,ワイヤレスイヤホン,ソライロ,注意事項,O983-B は開封後 30 日以内であれば返品を受け付けます。
K00324,P0081,O983-C,ノートパソコン,ノースピーク,仕様,O983-C の重量は 120 グラムです。
K00325,P0081,O983-C,ノートパソコン,ノースピーク,保証,O983-C のメーカー保証期間は 6 か月です。
K00326,P0081,O983-C,ノートパソコン,ノースピーク,付属品,O983-C には専用ケースと充電ケーブルが 2 本同梱されます。
K00327,P0081,O983-C,ノートパソコン,ノースピーク,注意事項,O983-C は開封後 7 日以内であれば返品を受け付けます。
K00328,P0082,P102-B,ノートパソコン,ノースピーク,仕様,P102-B の重量は 219 グラムです。
K00329,P0082,P102-B,ノートパソコン,ノースピーク,保証,P102-B のメーカー保証期間は 24 か月です。
K00330,P0082,P102-B,ノートパソコン,ノースピーク,付属品,P102-B には専用ケースと充電ケーブルが 3 本同梱されます。
K00331,P0082,P102-B,ノートパソコン,ノースピーク,注意事項,P102-B は開封後 14 日以内であれば返品を受け付けます。
K00332,P0083,P102-C,ノートパソコン,ノースピーク,仕様,P102-C の重量は 141 グラムです。
K00333,P0083,P102-C,ノートパソコン,ノースピーク,保証,P102-C のメーカー保証期間は 18 か月です。
K00334,P0083,P102-C,ノートパソコン,ノースピーク,付属品,P102-C には専用ケースと充電ケーブルが 3 本同梱されます。
K00335,P0083,P102-C,ノートパソコン,ノースピーク,注意事項,P102-C は開封後 8 日以内であれば返品を受け付けます。
K00336,P0084,Q362-B,ワイヤレスイヤホン,ミドリワークス,仕様,Q362-B の重量は 138 グラムです。
K00337,P0084,Q362-B,ワイヤレスイヤホン,ミドリワークス,保証,Q362-B のメーカー保証期間は 36 か月です。
K00338,P0084,Q362-B,ワイヤレスイヤホン,ミドリワークス,付属品,Q362-B には専用ケースと充電ケーブルが 3 本同梱されます。
K00339,P0084,Q362-B,ワイヤレスイヤホン,ミドリワークス,注意事項,Q362-B は開封後 30 日以内であれば返品を受け付けます。
K00340,P0085,Q362-C,ノートパソコン,アカネ電機,仕様,Q362-C の重量は 268 グラムです。
K00341,P0085,Q362-C,ノートパソコン,アカネ電機,保証,Q362-C のメーカー保証期間は 24 か月です。
K00342,P0085,Q362-C,ノートパソコン,アカネ電機,付属品,Q362-C には専用ケースと充電ケーブルが 1 本同梱されます。
K00343,P0085,Q362-C,ノートパソコン,アカネ電機,注意事項,Q362-C は開封後 30 日以内であれば返品を受け付けます。
K00344,P0086,R467-B,冷蔵庫,ソライロ,仕様,R467-B の重量は 421 グラムです。
K00345,P0086,R467-B,冷蔵庫,ソライロ,保証,R467-B のメーカー保証期間は 24 か月です。
K00346,P0086,R467-B,冷蔵庫,ソライロ,付属品,R467-B には専用ケースと充電ケーブルが 3 本同梱されます。
K00347,P0086,R467-B,冷蔵庫,ソライロ,注意事項,R467-B は開封後 8 日以内であれば返品を受け付けます。
K00348,P0087,R467-C,冷蔵庫,ノースピーク,仕様,R467-C の重量は 209 グラムです。
K00349,P0087,R467-C,冷蔵庫,ノースピーク,保証,R467-C のメーカー保証期間は 36 か月です。
K00350,P0087,R467-C,冷蔵庫,ノースピーク,付属品,R467-C には専用ケースと充電ケーブルが 2 本同梱されます。
K00351,P0087,R467-C,冷蔵庫,ノースピーク,注意事項,R467-C は開封後 7 日以内であれば返品を受け付けます。
K00352,P0088,S959-B,腕時計,アカネ電機,仕様,S959-B の重量は 164 グラムです。
K00353,P0088,S959-B,腕時計,アカネ電機,保証,S959-B のメーカー保証期間は 12 か月です。
K00354,P0088,S959-B,腕時計,アカネ電機,付属品,S959-B には専用ケースと充電ケーブルが 1 本同梱されます。
K00355,P0088,S959-B,腕時計,アカネ電機,注意事項,S959-B は開封後 30 日以内であれば返品を受け付けます。
K00356,P0089,S959-C,掃除機,ミドリワークス,仕様,S959-C の重量は 371 グラムです。
K00357,P0089,S959-C,掃除機,ミドリワークス,保証,S959-C のメーカー保証期間は 12 か月です。
K00358,P0089,S959-C,掃除機,ミドリワークス,付属品,S959-C には専用ケースと充電ケーブルが 3 本同梱されます。
K00359,P0089,S959-C,掃除機,ミドリワークス,注意事項,S959-C は開封後 7 日以内であれば返品を受け付けます。
K00360,P0090,T198-B,冷蔵庫,アカネ電機,仕様,T198-B の重量は 338 グラムです。
K00361,P0090,T198-B,冷蔵庫,アカネ電機,保証,T198-B のメーカー保証期間は 18 か月です。
K00362,P0090,T198-B,冷蔵庫,アカネ電機,付属品,T198-B には専用ケースと充電ケーブルが 1 本同梱されます。
K00363,P0090,T198-B,冷蔵庫,アカネ電機,注意事項,T198-B は開封後 7 日以内であれば返品を受け付けます。
K00364,P0091,T198-C,ノートパソコン,アカネ電機,仕様,T198-C の重量は 270 グラムです。
K00365,P0091,T198-C,ノートパソコン,アカネ電機,保証,T198-C のメーカー保証期間は 6 か月です。
K00366,P0091,T198-C,ノートパソコン,アカネ電機,付属品,T198-C には専用ケースと充電ケーブルが 2 本同梱されます。
K00367,P0091,T198-C,ノートパソコン,アカネ電機,注意事項,T198-C は開封後 7 日以内であれば返品を受け付けます。
K00368,P0092,U662-B,ノートパソコン,ミドリワークス,仕様,U662-B の重量は 167 グラムです。
K00369,P0092,U662-B,ノートパソコン,ミドリワークス,保証,U662-B のメーカー保証期間は 36 か月です。
K00370,P0092,U662-B,ノートパソコン,ミドリワークス,付属品,U662-B には専用ケースと充電ケーブルが 3 本同梱されます。
K00371,P0092,U662-B,ノートパソコン,ミドリワークス,注意事項,U662-B は開封後 30 日以内であれば返品を受け付けます。
K00372,P0093,U662-C,冷蔵庫,アカネ電機,仕様,U662-C の重量は 334 グラムです。
K00373,P0093,U662-C,冷蔵庫,アカネ電機,保証,U662-C のメーカー保証期間は 18 か月です。
K00374,P0093,U662-C,冷蔵庫,アカネ電機,付属品,U662-C には専用ケースと充電ケーブルが 1 本同梱されます。
K00375,P0093,U662-C,冷蔵庫,アカネ電機,注意事項,U662-C は開封後 14 日以内であれば返品を受け付けます。
K00376,P0094,V114-B,掃除機,ソライロ,仕様,V114-B の重量は 177 グラムです。
K00377,P0094,V114-B,掃除機,ソライロ,保証,V114-B のメーカー保証期間は 6 か月です。
K00378,P0094,V114-B,掃除機,ソライロ,付属品,V114-B には専用ケースと充電ケーブルが 3 本同梱されます。
K00379,P0094,V114-B,掃除機,ソライロ,注意事項,V114-B は開封後 7 日以内であれば返品を受け付けます。
K00380,P0095,V114-C,腕時計,ミドリワークス,仕様,V114-C の重量は 139 グラムです。
K00381,P0095,V114-C,腕時計,ミドリワークス,保証,V114-C のメーカー保証期間は 18 か月です。
K00382,P0095,V114-C,腕時計,ミドリワークス,付属品,V114-C には専用ケースと充電ケーブルが 2 本同梱されます。
K00383,P0095,V114-C,腕時計,ミドリワークス,注意事項,V114-C は開封後 7 日以内であれば返品を受け付けます。
K00384,P0096,W308-B,掃除機,ハヤブサ,仕様,W308-B の重量は 199 グラムです。
K00385,P0096,W308-B,掃除機,ハヤブサ,保証,W308-B のメーカー保証期間は 24 か月です。
K00386,P0096,W308-B,掃除機,ハヤブサ,付属品,W308-B には専用ケースと充電ケーブルが 1 本同梱されます。
K00387,P0096,W308-B,掃除機,ハヤブサ,注意事項,W308-B は開封後 14 日以内であれば返品を受け付けます。
K00388,P0097,W308-C,冷蔵庫,アカネ電機,仕様,W308-C の重量は 330 グラムです。
K00389,P0097,W308-C,冷蔵庫,アカネ電機,保証,W308-C のメーカー保証期間は 12 か月です。
K00390,P0097,W308-C,冷蔵庫,アカネ電機,付属品,W308-C には専用ケースと充電ケーブルが 3 本同梱されます。
K00391,P0097,W308-C,冷蔵庫,アカネ電機,注意事項,W308-C は開封後 30 日以内であれば返品を受け付けます。
K00392,P0098,X983-B,ワイヤレスイヤホン,ノースピーク,仕様,X983-B の重量は 398 グラムです。
K00393,P0098,X983-B,ワイヤレスイヤホン,ノースピーク,保証,X983-B のメーカー保証期間は 12 か月です。
K00394,P0098,X983-B,ワイヤレスイヤホン,ノースピーク,付属品,X983-B には専用ケースと充電ケーブルが 3 本同梱されます。
K00395,P0098,X983-B,ワイヤレスイヤホン,ノースピーク,注意事項,X983-B は開封後 7 日以内であれば返品を受け付けます。
K00396,P0099,X983-C,冷蔵庫,ハヤブサ,仕様,X983-C の重量は 258 グラムです。
K00397,P0099,X983-C,冷蔵庫,ハヤブサ,保証,X983-C のメーカー保証期間は 12 か月です。
K00398,P0099,X983-C,冷蔵庫,ハヤブサ,付属品,X983-C には専用ケースと充電ケーブルが 1 本同梱されます。
K00399,P0099,X983-C,冷蔵庫,ハヤブサ,注意事項,X983-C は開封後 8 日以内であれば返品を受け付けます。
K00400,P0100,Y812-B,掃除機,ソライロ,仕様,Y812-B の重量は 351 グラムです。
K00401,P0100,Y812-B,掃除機,ソライロ,保証,Y812-B のメーカー保証期間は 18 か月です。
K00402,P0100,Y812-B,掃除機,ソライロ,付属品,Y812-B には専用ケースと充電ケーブルが 2 本同梱されます。
K00403,P0100,Y812-B,掃除機,ソライロ,注意事項,Y812-B は開封後 14 日以内であれば返品を受け付けます。
K00404,P0101,Y812-C,腕時計,ノースピーク,仕様,Y812-C の重量は 244 グラムです。
K00405,P0101,Y812-C,腕時計,ノースピーク,保証,Y812-C のメーカー保証期間は 18 か月です。
K00406,P0101,Y812-C,腕時計,ノースピーク,付属品,Y812-C には専用ケースと充電ケーブルが 3 本同梱されます。
K00407,P0101,Y812-C,腕時計,ノースピーク,注意事項,Y812-C は開封後 8 日以内であれば返品を受け付けます。
K00408,P0102,Z460-B,ワイヤレスイヤホン,ソライロ,仕様,Z460-B の重量は 371 グラムです。
K00409,P0102,Z460-B,ワイヤレスイヤホン,ソライロ,保証,Z460-B のメーカー保証期間は 12 か月です。
K00410,P0102,Z460-B,ワイヤレスイヤホン,ソライロ,付属品,Z460-B には専用ケースと充電ケーブルが 2 本同梱されます。
K00411,P0102,Z460-B,ワイヤレスイヤホン,ソライロ,注意事項,Z460-B は開封後 14 日以内であれば返品を受け付けます。
K00412,P0103,Z460-C,ワイヤレスイヤホン,ソライロ,仕様,Z460-C の重量は 451 グラムです。
K00413,P0103,Z460-C,ワイヤレスイヤホン,ソライロ,保証,Z460-C のメーカー保証期間は 18 か月です。
K00414,P0103,Z460-C,ワイヤレスイヤホン,ソライロ,付属品,Z460-C には専用ケースと充電ケーブルが 1 本同梱されます。
K00415,P0103,Z460-C,ワイヤレスイヤホン,ソライロ,注意事項,Z460-C は開封後 7 日以内であれば返品を受け付けます。
K00416,P0104,A634-B,ワイヤレスイヤホン,ソライロ,仕様,A634-B の重量は 379 グラムです。
K00417,P0104,A634-B,ワイヤレスイヤホン,ソライロ,保証,A634-B のメーカー保証期間は 24 か月です。
K00418,P0104,A634-B,ワイヤレスイヤホン,ソライロ,付属品,A634-B には専用ケースと充電ケーブルが 1 本同梱されます。
K00419,P0104,A634-B,ワイヤレスイヤホン,ソライロ,注意事項,A634-B は開封後 30 日以内であれば返品を受け付けます。
K00420,P0105,A634-C,ノートパソコン,ミドリワークス,仕様,A634-C の重量は 381 グラムです。
K00421,P0105,A634-C,ノートパソコン,ミドリワークス,保証,A634-C のメーカー保証期間は 12 か月です。
K00422,P0105,A634-C,ノートパソコン,ミドリワークス,付属品,A634-C には専用ケースと充電ケーブルが 1 本同梱されます。
K00423,P0105,A634-C,ノートパソコン,ミドリワークス,注意事項,A634-C は開封後 30 日以内であれば返品を受け付けます。
K00424,P0106,B401-B,ノートパソコン,ノースピーク,仕様,B401-B の重量は 123 グラムです。
K00425,P0106,B401-B,ノートパソコン,ノースピーク,保証,B401-B のメーカー保証期間は 18 か月です。
K00426,P0106,B401-B,ノートパソコン,ノースピーク,付属品,B401-B には専用ケースと充電ケーブルが 1 本同梱されます。
K00427,P0106,B401-B,ノートパソコン,ノースピーク,注意事項,B401-B は開封後 8 日以内であれば返品を受け付けます。
K00428,P0107,B401-C,ワイヤレスイヤホン,ノースピーク,仕様,B401-C の重量は 405 グラムです。
K00429,P0107,B401-C,ワイヤレスイヤホン,ノースピーク,保証,B401-C のメーカー保証期間は 18 か月です。
K00430,P0107,B401-C,ワイヤレスイヤホン,ノースピーク,付属品,B401-C には専用ケースと充電ケーブルが 1 本同梱されます。
K00431,P0107,B401-C,ワイヤレスイヤホン,ノースピーク,注意事項,B401-C は開封後 14 日以内であれば返品を受け付けます。
K00432,P0108,C520-B,腕時計,ソライロ,仕様,C520-B の重量は 240 グラムです。
K00433,P0108,C520-B,腕時計,ソライロ,保証,C520-B のメーカー保証期間は 18 か月です。
K00434,P0108,C520-B,腕時計,ソライロ,付属品,C520-B には専用ケースと充電ケーブルが 2 本同梱されます。
K00435,P0108,C520-B,腕時計,ソライロ,注意事項,C520-B は開封後 8 日以内であれば返品を受け付けます。
K00436,P0109,C520-C,掃除機,ハヤブサ,仕様,C520-C の重量は 257 グラムです。
K00437,P0109,C520-C,掃除機,ハヤブサ,保証,C520-C のメーカー保証期間は 12 か月です。
K00438,P0109,C520-C,掃除機,ハヤブサ,付属品,C520-C には専用ケースと充電ケーブルが 1 本同梱されます。
K00439,P0109,C520-C,掃除機,ハヤブサ,注意事項,C520-C は開封後 8 日以内であれば返品を受け付けます。
K00440,P0110,D114-B,掃除機,ミドリワークス,仕様,D114-B の重量は 253 グラムです。
K00441,P0110,D114-B,掃除機,ミドリワークス,保証,D114-B のメーカー保証期間は 12 か月です。
K00442,P0110,D114-B,掃除機,ミドリワークス,付属品,D114-B には専用ケースと充電ケーブルが 3 本同梱されます。
K00443,P0110,D114-B,掃除機,ミドリワークス,注意事項,D114-B は開封後 30 日以内であれば返品を受け付けます。
K00444,P0111,D114-C,腕時計,ノースピーク,仕様,D114-C の重量は 206 グラムです。
K00445,P0111,D114-C,腕時計,ノースピーク,保証,D114-C のメーカー保証期間は 24 か月です。
K00446,P0111,D114-C,腕時計,ノースピーク,付属品,D114-C には専用ケースと充電ケーブルが 3 本同梱されます。
K00447,P0111,D114-C,腕時計,ノースピーク,注意事項,D114-C は開封後 8 日以内であれば返品を受け付けます。
K00448,P0112,E795-B,冷蔵庫,ノースピーク,仕様,E795-B の重量は 406 グラムです。
K00449,P0112,E795-B,冷蔵庫,ノースピーク,保証,E795-B のメーカー保証期間は 6 か月です。
K00450,P0112,E795-B,冷蔵庫,ノースピーク,付属品,E795-B には専用ケースと充電ケーブルが 3 本同梱されます。
K00451,P0112,E795-B,冷蔵庫,ノースピーク,注意事項,E795-B は開封後 30 日以内であれば返品を受け付けます。
K00452,P0113,E795-C,掃除機,ソライロ,仕様,E795-C の重量は 303 グラムです。
K00453,P0113,E795-C,掃除機,ソライロ,保証,E795-C のメーカー保証期間は 12 か月です。
K00454,P0113,E795-C,掃除機,ソライロ,付属品,E795-C には専用ケースと充電ケーブルが 1 本同梱されます。
K00455,P0113,E795-C,掃除機,ソライロ,注意事項,E795-C は開封後 30 日以内であれば返品を受け付けます。
K00456,P0114,F439-B,ノートパソコン,ノースピーク,仕様,F439-B の重量は 215 グラムです。
K00457,P0114,F439-B,ノートパソコン,ノースピーク,保証,F439-B のメーカー保証期間は 6 か月です。
K00458,P0114,F439-B,ノートパソコン,ノースピーク,付属品,F439-B には専用ケースと充電ケーブルが 3 本同梱されます。
K00459,P0114,F439-B,ノートパソコン,ノースピーク,注意事項,F439-B は開封後 14 日以内であれば返品を受け付けます。
K00460,P0115,F439-C,ワイヤレスイヤホン,ノースピーク,仕様,F439-C の重量は 160 グラムです。
K00461,P0115,F439-C,ワイヤレスイヤホン,ノースピーク,保証,F439-C のメーカー保証期間は 36 か月です。
K00462,P0115,F439-C,ワイヤレスイヤホン,ノースピーク,付属品,F439-C には専用ケースと充電ケーブルが 2 本同梱されます。
K00463,P0115,F439-C,ワイヤレスイヤホン,ノースピーク,注意事項,F439-C は開封後 7 日以内であれば返品を受け付けます。
K00464,P0116,G812-B,冷蔵庫,ノースピーク,仕様,G812-B の重量は 286 グラムです。
K00465,P0116,G812-B,冷蔵庫,ノースピーク,保証,G812-B のメーカー保証期間は 12 か月です。
K00466,P0116,G812-B,冷蔵庫,ノースピーク,付属品,G812-B には専用ケースと充電ケーブルが 3 本同梱されます。
K00467,P0116,G812-B,冷蔵庫,ノースピーク,注意事項,G812-B は開封後 8 日以内であれば返品を受け付けます。
K00468,P0117,G812-C,冷蔵庫,ノースピーク,仕様,G812-C の重量は 307 グラムです。
K00469,P0117,G812-C,冷蔵庫,ノースピーク,保証,G812-C のメーカー保証期間は 24 か月です。
K00470,P0117,G812-C,冷蔵庫,ノースピーク,付属品,G812-C には専用ケースと充電ケーブルが 1 本同梱されます。
K00471,P0117,G812-C,冷蔵庫,ノースピーク,注意事項,G812-C は開封後 8 日以内であれば返品を受け付けます。
K00472,P0118,H357-B,ワイヤレスイヤホン,アカネ電機,仕様,H357-B の重量は 200 グラムです。
K00473,P0118,H357-B,ワイヤレスイヤホン,アカネ電機,保証,H357-B のメーカー保証期間は 36 か月です。
K00474,P0118,H357-B,ワイヤレスイヤホン,アカネ電機,付属品,H357-B には専用ケースと充電ケーブルが 1 本同梱されます。
K00475,P0118,H357-B,ワイヤレスイヤホン,アカネ電機,注意事項,H357-B は開封後 14 日以内であれば返品を受け付けます。
K00476,P0119,H357-C,掃除機,ノースピーク,仕様,H357-C の重量は 287 グラムです。
K00477,P0119,H357-C,掃除機,ノースピーク,保証,H357-C のメーカー保証期間は 36 か月です。
K00478,P0119,H357-C,掃除機,ノースピーク,付属品,H357-C には専用ケースと充電ケーブルが 3 本同梱されます。
K00479,P0119,H357-C,掃除機,ノースピーク,注意事項,H357-C は開封後 14 日以内であれば返品を受け付けます。
K00480,P0120,I362-B,ワイヤレスイヤホン,ノースピーク,仕様,I362-B の重量は 233 グラムです。
K00481,P0120,I362-B,ワイヤレスイヤホン,ノースピーク,保証,I362-B のメーカー保証期間は 12 か月です。
K00482,P0120,I362-B,ワイヤレスイヤホン,ノースピーク,付属品,I362-B には専用ケースと充電ケーブルが 1 本同梱されます。
K00483,P0120,I362-B,ワイヤレスイヤホン,ノースピーク,注意事項,I362-B は開封後 14 日以内であれば返品を受け付けます。
K00484,P0121,I362-C,腕時計,アカネ電機,仕様,I362-C の重量は 284 グラムです。
K00485,P0121,I362-C,腕時計,アカネ電機,保証,I362-C のメーカー保証期間は 12 か月です。
K00486,P0121,I362-C,腕時計,アカネ電機,付属品,I362-C には専用ケースと充電ケーブルが 2 本同梱されます。
K00487,P0121,I362-C,腕時計,アカネ電機,注意事項,I362-C は開封後 8 日以内であれば返品を受け付けます。
K00488,P0122,J532-B,ノートパソコン,ミドリワークス,仕様,J532-B の重量は 416 グラムです。
K00489,P0122,J532-B,ノートパソコン,ミドリワークス,保証,J532-B のメーカー保証期間は 36 か月です。
K00490,P0122,J532-B,ノートパソコン,ミドリワークス,付属品,J532-B には専用ケースと充電ケーブルが 3 本同梱されます。
K00491,P0122,J532-B,ノートパソコン,ミドリワークス,注意事項,J532-B は開封後 30 日以内であれば返品を受け付けます。
K00492,P0123,J532-C,冷蔵庫,ハヤブサ,仕様,J532-C の重量は 158 グラムです。
K00493,P0123,J532-C,冷蔵庫,ハヤブサ,保証,J532-C のメーカー保証期間は 24 か月です。
K00494,P0123,J532-C,冷蔵庫,ハヤブサ,付属品,J532-C には専用ケースと充電ケーブルが 1 本同梱されます。
K00495,P0123,J532-C,冷蔵庫,ハヤブサ,注意事項,J532-C は開封後 8 日以内であれば返品を受け付けます。
K00496,P0124,K765-B,ノートパソコン,ミドリワークス,仕様,K765-B の重量は 350 グラムです。
K00497,P0124,K765-B,ノートパソコン,ミドリワークス,保証,K765-B のメーカー保証期間は 12 か月です。
K00498,P0124,K765-B,ノートパソコン,ミドリワークス,付属品,K765-B には専用ケースと充電ケーブルが 1 本同梱されます。
K00499,P0124,K765-B,ノートパソコン,ミドリワークス,注意事項,K765-B は開封後 14 日以内であれば返品を受け付けます。
K00500,P0125,K765-C,掃除機,ハヤブサ,仕様,K765-C の重量は 245 グラムです。
K00501,P0125,K765-C,掃除機,ハヤブサ,保証,K765-C のメーカー保証期間は 12 か月です。
K00502,P0125,K765-C,掃除機,ハヤブサ,付属品,K765-C には専用ケースと充電ケーブルが 2 本同梱されます。
K00503,P0125,K765-C,掃除機,ハヤブサ,注意事項,K765-C は開封後 14 日以内であれば返品を受け付けます。
K00504,P0126,L418-B,掃除機,アカネ電機,仕様,L418-B の重量は 235 グラムです。
K00505,P0126,L418-B,掃除機,アカネ電機,保証,L418-B のメーカー保証期間は 24 か月です。
K00506,P0126,L418-B,掃除機,アカネ電機,付属品,L418-B には専用ケースと充電ケーブルが 1 本同梱されます。
K00507,P0126,L418-B,掃除機,アカネ電機,注意事項,L418-B は開封後 8 日以内であれば返品を受け付けます。
K00508,P0127,L418-C,ノートパソコン,ノースピーク,仕様,L418-C の重量は 222 グラムです。
K00509,P0127,L418-C,ノートパソコン,ノースピーク,保証,L418-C のメーカー保証期間は 6 か月です。
K00510,P0127,L418-C,ノートパソコン,ノースピーク,付属品,L418-C には専用ケースと充電ケーブルが 2 本同梱されます。
K00511,P0127,L418-C,ノートパソコン,ノースピーク,注意事項,L418-C は開封後 14 日以内であれば返品を受け付けます。
K00512,P0128,M735-B,冷蔵庫,ハヤブサ,仕様,M735-B の重量は 242 グラムです。
K00513,P0128,M735-B,冷蔵庫,ハヤブサ,保証,M735-B のメーカー保証期間は 6 か月です。
K00514,P0128,M735-B,冷蔵庫,ハヤブサ,付属品,M735-B には専用ケースと充電ケーブルが 1 本同梱されます。
K00515,P0128,M735-B,冷蔵庫,ハヤブサ,注意事項,M735-B は開封後 7 日以内であれば返品を受け付けます。
K00516,P0129,M735-C,冷蔵庫,ソライロ,仕様,M735-C の重量は 222 グラムです。
K00517,P0129,M735-C,冷蔵庫,ソライロ,保証,M735-C のメーカー保証期間は 36 か月です。
K00518,P0129,M735-C,冷蔵庫,ソライロ,付属品,M735-C には専用ケースと充電ケーブルが 1 本同梱されます。
K00519,P0129,M735-C,冷蔵庫,ソライロ,注意事項,M735-C は開封後 30 日以内であれば返品を受け付けます。
K00520,P0130,N425-B,冷蔵庫,ノースピーク,仕様,N425-B の重量は 205 グラムです。
K00521,P0130,N425-B,冷蔵庫,ノースピーク,保証,N425-B のメーカー保証期間は 18 か月です。
K00522,P0130,N425-B,冷蔵庫,ノースピーク,付属品,N425-B には専用ケースと充電ケーブルが 2 本同梱されます。
K00523,P0130,N425-B,冷蔵庫,ノースピーク,注意事項,N425-B は開封後 8 日以内であれば返品を受け付けます。
K00524,P0131,N425-C,掃除機,ノースピーク,仕様,N425-C の重量は 373 グラムです。
K00525,P0131,N425-C,掃除機,ノースピーク,保証,N425-C のメーカー保証期間は 18 か月です。
K00526,P0131,N425-C,掃除機,ノースピーク,付属品,N425-C には専用ケースと充電ケーブルが 3 本同梱されます。
K00527,P0131,N425-C,掃除機,ノースピーク,注意事項,N425-C は開封後 30 日以内であれば返品を受け付けます。
K00528,P0132,O372-B,冷蔵庫,ハヤブサ,仕様,O372-B の重量は 185 グラムです。
K00529,P0132,O372-B,冷蔵庫,ハヤブサ,保証,O372-B のメーカー保証期間は 24 か月です。
K00530,P0132,O372-B,冷蔵庫,ハヤブサ,付属品,O372-B には専用ケースと充電ケーブルが 1 本同梱されます。
K00531,P0132,O372-B,冷蔵庫,ハヤブサ,注意事項,O372-B は開封後 8 日以内であれば返品を受け付けます。
K00532,P0133,O372-C,掃除機,アカネ電機,仕様,O372-C の重量は 355 グラムです。
K00533,P0133,O372-C,掃除機,アカネ電機,保証,O372-C のメーカー保証期間は 18 か月です。
K00534,P0133,O372-C,掃除機,アカネ電機,付属品,O372-C には専用ケースと充電ケーブルが 3 本同梱されます。
K00535,P0133,O372-C,掃除機,アカネ電機,注意事項,O372-C は開封後 7 日以内であれば返品を受け付けます。
K00536,P0134,P283-B,冷蔵庫,ノースピーク,仕様,P283-B の重量は 127 グラムです。
K00537,P0134,P283-B,冷蔵庫,ノースピーク,保証,P283-B のメーカー保証期間は 6 か月です。
K00538,P0134,P283-B,冷蔵庫,ノースピーク,付属品,P283-B には専用ケースと充電ケーブルが 1 本同梱されます。
K00539,P0134,P283-B,冷蔵庫,ノースピーク,注意事項,P283-B は開封後 14 日以内であれば返品を受け付けます。
K00540,P0135,P283-C,掃除機,ノースピーク,仕様,P283-C の重量は 421 グラムです。
K00541,P0135,P283-C,掃除機,ノースピーク,保証,P283-C のメーカー保証期間は 18 か月です。
K00542,P0135,P283-C,掃除機,ノースピーク,付属品,P283-C には専用ケースと充電ケーブルが 1 本同梱されます。
K00543,P0135,P283-C,掃除機,ノースピーク,注意事項,P283-C は開封後 7 日以内であれば返品を受け付けます。
K00544,P0136,Q946-B,ワイヤレスイヤホン,アカネ電機,仕様,Q946-B の重量は 419 グラムです。
K00545,P0136,Q946-B,ワイヤレスイヤホン,アカネ電機,保証,Q946-B のメーカー保証期間は 36 か月です。
K00546,P0136,Q946-B,ワイヤレスイヤホン,アカネ電機,付属品,Q946-B には専用ケースと充電ケーブルが 1 本同梱されます。
K00547,P0136,Q946-B,ワイヤレスイヤホン,アカネ電機,注意事項,Q946-B は開封後 8 日以内であれば返品を受け付けます。
K00548,P0137,Q946-C,腕時計,ノースピーク,仕様,Q946-C の重量は 198 グラムです。
K00549,P0137,Q946-C,腕時計,ノースピーク,保証,Q946-C のメーカー保証期間は 12 か月です。
K00550,P0137,Q946-C,腕時計,ノースピーク,付属品,Q946-C には専用ケースと充電ケーブルが 2 本同梱されます。
K00551,P0137,Q946-C,腕時計,ノースピーク,注意事項,Q946-C は開封後 14 日以内であれば返品を受け付けます。
K00552,P0138,R433-B,冷蔵庫,ノースピーク,仕様,R433-B の重量は 315 グラムです。
K00553,P0138,R433-B,冷蔵庫,ノースピーク,保証,R433-B のメーカー保証期間は 24 か月です。
K00554,P0138,R433-B,冷蔵庫,ノースピーク,付属品,R433-B には専用ケースと充電ケーブルが 2 本同梱されます。
K00555,P0138,R433-B,冷蔵庫,ノースピーク,注意事項,R433-B は開封後 14 日以内であれば返品を受け付けます。
K00556,P0139,R433-C,ノートパソコン,ソライロ,仕様,R433-C の重量は 244 グラムです。
K00557,P0139,R433-C,ノートパソコン,ソライロ,保証,R433-C のメーカー保証期間は 18 か月です。
K00558,P0139,R433-C,ノートパソコン,ソライロ,付属品,R433-C には専用ケースと充電ケーブルが 1 本同梱されます。
K00559,P0139,R433-C,ノートパソコン,ソライロ,注意事項,R433-C は開封後 8 日以内であれば返品を受け付けます。
K00560,P0140,S148-B,冷蔵庫,ハヤブサ,仕様,S148-B の重量は 375 グラムです。
K00561,P0140,S148-B,冷蔵庫,ハヤブサ,保証,S148-B のメーカー保証期間は 18 か月です。
K00562,P0140,S148-B,冷蔵庫,ハヤブサ,付属品,S148-B には専用ケースと充電ケーブルが 1 本同梱されます。
K00563,P0140,S148-B,冷蔵庫,ハヤブサ,注意事項,S148-B は開封後 30 日以内であれば返品を受け付けます。
K00564,P0141,S148-C,腕時計,ミドリワークス,仕様,S148-C の重量は 207 グラムです。
K00565,P0141,S148-C,腕時計,ミドリワークス,保証,S148-C のメーカー保証期間は 12 か月です。
K00566,P0141,S148-C,腕時計,ミドリワークス,付属品,S148-C には専用ケースと充電ケーブルが 1 本同梱されます。
K00567,P0141,S148-C,腕時計,ミドリワークス,注意事項,S148-C は開封後 8 日以内であれば返品を受け付けます。
K00568,P0142,T359-B,掃除機,ミドリワークス,仕様,T359-B の重量は 381 グラムです。
K00569,P0142,T359-B,掃除機,ミドリワークス,保証,T359-B のメーカー保証期間は 12 か月です。
K00570,P0142,T359-B,掃除機,ミドリワークス,付属品,T359-B には専用ケースと充電ケーブルが 1 本同梱されます。
K00571,P0142,T359-B,掃除機,ミドリワークス,注意事項,T359-B は開封後 7 日以内であれば返品を受け付けます。
K00572,P0143,T359-C,ワイヤレスイヤホン,ハヤブサ,仕様,T359-C の重量は 217 グラムです。
K00573,P0143,T359-C,ワイヤレスイヤホン,ハヤブサ,保証,T359-C のメーカー保証期間は 6 か月です。
K00574,P0143,T359-C,ワイヤレスイヤホン,ハヤブサ,付属品,T359-C には専用ケースと充電ケーブルが 2 本同梱されます。
K00575,P0143,T359-C,ワイヤレスイヤホン,ハヤブサ,注意事項,T359-C は開封後 7 日以内であれば返品を受け付けます。
K00576,P0144,U344-B,ノートパソコン,ミドリワークス,仕様,U344-B の重量は 283 グラムです。
K00577,P0144,U344-B,ノートパソコン,ミドリワークス,保証,U344-B のメーカー保証期間は 36 か月です。
K00578,P0144,U344-B,ノートパソコン,ミドリワークス,付属品,U344-B には専用ケースと充電ケーブルが 2 本同梱されます。
K00579,P0144,U344-B,ノートパソコン,ミドリワークス,注意事項,U344-B は開封後 8 日以内であれば返品を受け付けます。
K00580,P0145,U344-C,ワイヤレスイヤホン,ミドリワークス,仕様,U344-C の重量は 245 グラムです。
K00581,P0145,U344-C,ワイヤレスイヤホン,ミドリワークス,保証,U344-C のメーカー保証期間は 18 か月です。
K00582,P0145,U344-C,ワイヤレスイヤホン,ミドリワークス,付属品,U344-C には専用ケースと充電ケーブルが 1 本同梱されます。
K00583,P0145,U344-C,ワイヤレスイヤホン,ミドリワークス,注意事項,U344-C は開封後 8 日以内であれば返品を受け付けます。
K00584,P0146,V569-B,腕時計,ハヤブサ,仕様,V569-B の重量は 124 グラムです。
K00585,P0146,V569-B,腕時計,ハヤブサ,保証,V569-B のメーカー保証期間は 36 か月です。
K00586,P0146,V569-B,腕時計,ハヤブサ,付属品,V569-B には専用ケースと充電ケーブルが 1 本同梱されます。
K00587,P0146,V569-B,腕時計,ハヤブサ,注意事項,V569-B は開封後 7 日以内であれば返品を受け付けます。
K00588,P0147,V569-C,ノートパソコン,アカネ電機,仕様,V569-C の重量は 217 グラムです。
K00589,P0147,V569-C,ノートパソコン,アカネ電機,保証,V569-C のメーカー保証期間は 12 か月です。
K00590,P0147,V569-C,ノートパソコン,アカネ電機,付属品,V569-C には専用ケースと充電ケーブルが 2 本同梱されます。
K00591,P0147,V569-C,ノートパソコン,アカネ電機,注意事項,V569-C は開封後 30 日以内であれば返品を受け付けます。
K00592,P0148,W962-B,ワイヤレスイヤホン,アカネ電機,仕様,W962-B の重量は 429 グラムです。
K00593,P0148,W962-B,ワイヤレスイヤホン,アカネ電機,保証,W962-B のメーカー保証期間は 6 か月です。
K00594,P0148,W962-B,ワイヤレスイヤホン,アカネ電機,付属品,W962-B には専用ケースと充電ケーブルが 2 本同梱されます。
K00595,P0148,W962-B,ワイヤレスイヤホン,アカネ電機,注意事項,W962-B は開封後 8 日以内であれば返品を受け付けます。
K00596,P0149,W962-C,掃除機,アカネ電機,仕様,W962-C の重量は 300 グラムです。
K00597,P0149,W962-C,掃除機,アカネ電機,保証,W962-C のメーカー保証期間は 12 か月です。
K00598,P0149,W962-C,掃除機,アカネ電機,付属品,W962-C には専用ケースと充電ケーブルが 1 本同梱されます。
K00599,P0149,W962-C,掃除機,アカネ電機,注意事項,W962-C は開封後 7 日以内であれば返品を受け付けます。
K00600,P0150,X121-B,腕時計,ミドリワークス,仕様,X121-B の重量は 441 グラムです。
K00601,P0150,X121-B,腕時計,ミドリワークス,保証,X121-B のメーカー保証期間は 18 か月です。
K00602,P0150,X121-B,腕時計,ミドリワークス,付属品,X121-B には専用ケースと充電ケーブルが 1 本同梱されます。
K00603,P0150,X121-B,腕時計,ミドリワークス,注意事項,X121-B は開封後 30 日以内であれば返品を受け付けます。
K00604,P0151,X121-C,腕時計,ノースピーク,仕様,X121-C の重量は 264 グラムです。
K00605,P0151,X121-C,腕時計,ノースピーク,保証,X121-C のメーカー保証期間は 12 か月です。
K00606,P0151,X121-C,腕時計,ノースピーク,付属品,X121-C には専用ケースと充電ケーブルが 1 本同梱されます。
K00607,P0151,X121-C,腕時計,ノースピーク,注意事項,X121-C は開封後 30 日以内であれば返品を受け付けます。
K00608,P0152,Y285-B,ノートパソコン,ハヤブサ,仕様,Y285-B の重量は 151 グラムです。
K00609,P0152,Y285-B,ノートパソコン,ハヤブサ,保証,Y285-B のメーカー保証期間は 12 か月です。
K00610,P0152,Y285-B,ノートパソコン,ハヤブサ,付属品,Y285-B には専用ケースと充電ケーブルが 1 本同梱されます。
K00611,P0152,Y285-B,ノートパソコン,ハヤブサ,注意事項,Y285-B は開封後 30 日以内であれば返品を受け付けます。
K00612,P0153,Y285-C,ノートパソコン,ソライロ,仕様,Y285-C の重量は 364 グラムです。
K00613,P0153,Y285-C,ノートパソコン,ソライロ,保証,Y285-C のメーカー保証期間は 6 か月です。
K00614,P0153,Y285-C,ノートパソコン,ソライロ,付属品,Y285-C には専用ケースと充電ケーブルが 1 本同梱されます。
K00615,P0153,Y285-C,ノートパソコン,ソライロ,注意事項,Y285-C は開封後 8 日以内であれば返品を受け付けます。
K00616,P0154,Z166-B,ワイヤレスイヤホン,ハヤブサ,仕様,Z166-B の重量は 428 グラムです。
K00617,P0154,Z166-B,ワイヤレスイヤホン,ハヤブサ,保証,Z166-B のメーカー保証期間は 6 か月です。
K00618,P0154,Z166-B,ワイヤレスイヤホン,ハヤブサ,付属品,Z166-B には専用ケースと充電ケーブルが 2 本同梱されます。
K00619,P0154,Z166-B,ワイヤレスイヤホン,ハヤブサ,注意事項,Z166-B は開封後 14 日以内であれば返品を受け付けます。
K00620,P0155,Z166-C,ノートパソコン,アカネ電機,仕様,Z166-C の重量は 386 グラムです。
K00621,P0155,Z166-C,ノートパソコン,アカネ電機,保証,Z166-C のメーカー保証期間は 36 か月です。
K00622,P0155,Z166-C,ノートパソコン,アカネ電機,付属品,Z166-C には専用ケースと充電ケーブルが 2 本同梱されます。
K00623,P0155,Z166-C,ノートパソコン,アカネ電機,注意事項,Z166-C は開封後 8 日以内であれば返品を受け付けます。
K00624,P0156,A886-B,掃除機,ノースピーク,仕様,A886-B の重量は 304 グラムです。
K00625,P0156,A886-B,掃除機,ノースピーク,保証,A886-B のメーカー保証期間は 18 か月です。
K00626,P0156,A886-B,掃除機,ノースピーク,付属品,A886-B には専用ケースと充電ケーブルが 2 本同梱されます。
K00627,P0156,A886-B,掃除機,ノースピーク,注意事項,A886-B は開封後 8 日以内であれば返品を受け付けます。
K00628,P0157,A886-C,掃除機,ミドリワークス,仕様,A886-C の重量は 165 グラムです。
K00629,P0157,A886-C,掃除機,ミドリワークス,保証,A886-C のメーカー保証期間は 6 か月です。
K00630,P0157,A886-C,掃除機,ミドリワークス,付属品,A886-C には専用ケースと充電ケーブルが 1 本同梱されます。
K00631,P0157,A886-C,掃除機,ミドリワークス,注意事項,A886-C は開封後 30 日以内であれば返品を受け付けます。
K00632,P0158,B994-B,冷蔵庫,ノースピーク,仕様,B994-B の重量は 162 グラムです。
K00633,P0158,B994-B,冷蔵庫,ノースピーク,保証,B994-B のメーカー保証期間は 6 か月です。
K00634,P0158,B994-B,冷蔵庫,ノースピーク,付属品,B994-B には専用ケースと充電ケーブルが 3 本同梱されます。
K00635,P0158,B994-B,冷蔵庫,ノースピーク,注意事項,B994-B は開封後 14 日以内であれば返品を受け付けます。
K00636,P0159,B994-C,腕時計,ソライロ,仕様,B994-C の重量は 197 グラムです。
K00637,P0159,B994-C,腕時計,ソライロ,保証,B994-C のメーカー保証期間は 36 か月です。
K00638,P0159,B994-C,腕時計,ソライロ,付属品,B994-C には専用ケースと充電ケーブルが 2 本同梱されます。
K00639,P0159,B994-C,腕時計,ソライロ,注意事項,B994-C は開封後 30 日以内であれば返品を受け付けます。
K00640,P0160,C997-B,ノートパソコン,ソライロ,仕様,C997-B の重量は 144 グラムです。
K00641,P0160,C997-B,ノートパソコン,ソライロ,保証,C997-B のメーカー保証期間は 12 か月です。
K00642,P0160,C997-B,ノートパソコン,ソライロ,付属品,C997-B には専用ケースと充電ケーブルが 1 本同梱されます。
K00643,P0160,C997-B,ノートパソコン,ソライロ,注意事項,C997-B は開封後 30 日以内であれば返品を受け付けます。
K00644,P0161,C997-C,掃除機,ソライロ,仕様,C997-C の重量は 433 グラムです。
K00645,P0161,C997-C,掃除機,ソライロ,保証,C997-C のメーカー保証期間は 24 か月です。
K00646,P0161,C997-C,掃除機,ソライロ,付属品,C997-C には専用ケースと充電ケーブルが 3 本同梱されます。
K00647,P0161,C997-C,掃除機,ソライロ,注意事項,C997-C は開封後 14 日以内であれば返品を受け付けます。
K00648,P0162,D826-B,掃除機,ノースピーク,仕様,D826-B の重量は 181 グラムです。
K00649,P0162,D826-B,掃除機,ノースピーク,保証,D826-B のメーカー保証期間は 12 か月です。
K00650,P0162,D826-B,掃除機,ノースピーク,付属品,D826-B には専用ケースと充電ケーブルが 2 本同梱されます。
K00651,P0162,D826-B,掃除機,ノースピーク,注意事項,D826-B は開封後 7 日以内であれば返品を受け付けます。
K00652,P0163,D826-C,掃除機,ハヤブサ,仕様,D826-C の重量は 416 グラムです。
K00653,P0163,D826-C,掃除機,ハヤブサ,保証,D826-C のメーカー保証期間は 6 か月です。
K00654,P0163,D826-C,掃除機,ハヤブサ,付属品,D826-C には専用ケースと充電ケーブルが 1 本同梱されます。
K00655,P0163,D826-C,掃除機,ハヤブサ,注意事項,D826-C は開封後 14 日以内であれば返品を受け付けます。
K00656,P0164,E284-B,ノートパソコン,アカネ電機,仕様,E284-B の重量は 314 グラムです。
K00657,P0164,E284-B,ノートパソコン,アカネ電機,保証,E284-B のメーカー保証期間は 36 か月です。
K00658,P0164,E284-B,ノートパソコン,アカネ電機,付属品,E284-B には専用ケースと充電ケーブルが 1 本同梱されます。
K00659,P0164,E284-B,ノートパソコン,アカネ電機,注意事項,E284-B は開封後 30 日以内であれば返品を受け付けます。
K00660,P0165,E284-C,ノートパソコン,ミドリワークス,仕様,E284-C の重量は 357 グラムです。
K00661,P0165,E284-C,ノートパソコン,ミドリワークス,保証,E284-C のメーカー保証期間は 36 か月です。
K00662,P0165,E284-C,ノートパソコン,ミドリワークス,付属品,E284-C には専用ケースと充電ケーブルが 3 本同梱されます。
K00663,P0165,E284-C,ノートパソコン,ミドリワークス,注意事項,E284-C は開封後 14 日以内であれば返品を受け付けます。
K00664,P0166,F467-B,腕時計,ソライロ,仕様,F467-B の重量は 387 グラムです。
K00665,P0166,F467-B,腕時計,ソライロ,保証,F467-B のメーカー保証期間は 18 か月です。
K00666,P0166,F467-B,腕時計,ソライロ,付属品,F467-B には専用ケースと充電ケーブルが 1 本同梱されます。
K00667,P0166,F467-B,腕時計,ソライロ,注意事項,F467-B は開封後 14 日以内であれば返品を受け付けます。
K00668,P0167,F467-C,腕時計,ミドリワークス,仕様,F467-C の重量は 316 グラムです。
K00669,P0167,F467-C,腕時計,ミドリワークス,保証,F467-C のメーカー保証期間は 18 か月です。
K00670,P0167,F467-C,腕時計,ミドリワークス,付属品,F467-C には専用ケースと充電ケーブルが 3 本同梱されます。
K00671,P0167,F467-C,腕時計,ミドリワークス,注意事項,F467-C は開封後 8 日以内であれば返品を受け付けます。
K00672,P0168,G758-B,腕時計,ミドリワークス,仕様,G758-B の重量は 413 グラムです。
K00673,P0168,G758-B,腕時計,ミドリワークス,保証,G758-B のメーカー保証期間は 36 か月です。
K00674,P0168,G758-B,腕時計,ミドリワークス,付属品,G758-B には専用ケースと充電ケーブルが 3 本同梱されます。
K00675,P0168,G758-B,腕時計,ミドリワークス,注意事項,G758-B は開封後 8 日以内であれば返品を受け付けます。
K00676,P0169,G758-C,ワイヤレスイヤホン,アカネ電機,仕様,G758-C の重量は 229 グラムです。
K00677,P0169,G758-C,ワイヤレスイヤホン,アカネ電機,保証,G758-C のメーカー保証期間は 36 か月です。
K00678,P0169,G758-C,ワイヤレスイヤホン,アカネ電機,付属品,G758-C には専用ケースと充電ケーブルが 1 本同梱されます。
K00679,P0169,G758-C,ワイヤレスイヤホン,アカネ電機,注意事項,G758-C は開封後 7 日以内であれば返品を受け付けます。
K00680,P0170,H421-B,冷蔵庫,アカネ電機,仕様,H421-B の重量は 394 グラムです。
K00681,P0170,H421-B,冷蔵庫,アカネ電機,保証,H421-B のメーカー保証期間は 36 か月です。
K00682,P0170,H421-B,冷蔵庫,アカネ電機,付属品,H421-B には専用ケースと充電ケーブルが 3 本同梱されます。
K00683,P0170,H421-B,冷蔵庫,アカネ電機,注意事項,H421-B は開封後 7 日以内であれば返品を受け付けます。
K00684,P0171,H421-C,掃除機,ノースピーク,仕様,H421-C の重量は 123 グラムです。
K00685,P0171,H421-C,掃除機,ノースピーク,保証,H421-C のメーカー保証期間は 18 か月です。
K00686,P0171,H421-C,掃除機,ノースピーク,付属品,H421-C には専用ケースと充電ケーブルが 1 本同梱されます。
K00687,P0171,H421-C,掃除機,ノースピーク,注意事項,H421-C は開封後 14 日以内であれば返品を受け付けます。
K00688,P0172,I468-B,掃除機,ハヤブサ,仕様,I468-B の重量は 298 グラムです。
K00689,P0172,I468-B,掃除機,ハヤブサ,保証,I468-B のメーカー保証期間は 12 か月です。
K00690,P0172,I468-B,掃除機,ハヤブサ,付属品,I468-B には専用ケースと充電ケーブルが 2 本同梱されます。
K00691,P0172,I468-B,掃除機,ハヤブサ,注意事項,I468-B は開封後 14 日以内であれば返品を受け付けます。
K00692,P0173,I468-C,冷蔵庫,ソライロ,仕様,I468-C の重量は 235 グラムです。
K00693,P0173,I468-C,冷蔵庫,ソライロ,保証,I468-C のメーカー保証期間は 24 か月です。
K00694,P0173,I468-C,冷蔵庫,ソライロ,付属品,I468-C には専用ケースと充電ケーブルが 3 本同梱されます。
K00695,P0173,I468-C,冷蔵庫,ソライロ,注意事項,I468-C は開封後 7 日以内であれば返品を受け付けます。
K00696,P0174,J914-B,冷蔵庫,アカネ電機,仕様,J914-B の重量は 411 グラムです。
K00697,P0174,J914-B,冷蔵庫,アカネ電機,保証,J914-B のメーカー保証期間は 12 か月です。
K00698,P0174,J914-B,冷蔵庫,アカネ電機,付属品,J914-B には専用ケースと充電ケーブルが 1 本同梱されます。
K00699,P0174,J914-B,冷蔵庫,アカネ電機,注意事項,J914-B は開封後 7 日以内であれば返品を受け付けます。
K00700,P0175,J914-C,掃除機,ノースピーク,仕様,J914-C の重量は 285 グラムです。
K00701,P0175,J914-C,掃除機,ノースピーク,保証,J914-C のメーカー保証期間は 12 か月です。
K00702,P0175,J914-C,掃除機,ノースピーク,付属品,J914-C には専用ケースと充電ケーブルが 2 本同梱されます。
K00703,P0175,J914-C,掃除機,ノースピーク,注意事項,J914-C は開封後 8 日以内であれば返品を受け付けます。
K00704,P0176,K431-B,冷蔵庫,ハヤブサ,仕様,K431-B の重量は 325 グラムです。
K00705,P0176,K431-B,冷蔵庫,ハヤブサ,保証,K431-B のメーカー保証期間は 6 か月です。
K00706,P0176,K431-B,冷蔵庫,ハヤブサ,付属品,K431-B には専用ケースと充電ケーブルが 3 本同梱されます。
K00707,P0176,K431-B,冷蔵庫,ハヤブサ,注意事項,K431-B は開封後 14 日以内であれば返品を受け付けます。
K00708,P0177,K431-C,掃除機,ハヤブサ,仕様,K431-C の重量は 386 グラムです。
K00709,P0177,K431-C,掃除機,ハヤブサ,保証,K431-C のメーカー保証期間は 24 か月です。
K00710,P0177,K431-C,掃除機,ハヤブサ,付属品,K431-C には専用ケースと充電ケーブルが 2 本同梱されます。
K00711,P0177,K431-C,掃除機,ハヤブサ,注意事項,K431-C は開封後 30 日以内であれば返品を受け付けます。
K00712,P0178,L619-B,ワイヤレスイヤホン,ハヤブサ,仕様,L619-B の重量は 335 グラムです。
K00713,P0178,L619-B,ワイヤレスイヤホン,ハヤブサ,保証,L619-B のメーカー保証期間は 6 か月です。
K00714,P0178,L619-B,ワイヤレスイヤホン,ハヤブサ,付属品,L619-B には専用ケースと充電ケーブルが 3 本同梱されます。
K00715,P0178,L619-B,ワイヤレスイヤホン,ハヤブサ,注意事項,L619-B は開封後 7 日以内であれば返品を受け付けます。
K00716,P0179,L619-C,掃除機,アカネ電機,仕様,L619-C の重量は 172 グラムです。
K00717,P0179,L619-C,掃除機,アカネ電機,保証,L619-C のメーカー保証期間は 12 か月です。
K00718,P0179,L619-C,掃除機,アカネ電機,付属品,L619-C には専用ケースと充電ケーブルが 3 本同梱されます。
K00719,P0179,L619-C,掃除機,アカネ電機,注意事項,L619-C は開封後 8 日以内であれば返品を受け付けます。
