record_id,source,title,brand,price,product_key,variation_layer
R00274,site_B,ネイビー デイパック ノースピーク,ノースピーク,2826,P0123,3
R00889,site_C,【即日発送】オオゾラ掃除機A340-57ネイビー,オオゾラ,3634,P0392,1
R00188,site_E,B832-41スニーカーシラユキネイビー,シラユキ,10965,P0082,1
R00493,site_A,ブラック ミドリワークス 腕時計 Z82491,ミドリワークス,4133,P0217,1
R01204,site_B,◆正規品◆TSUBAKI W75426 ブラック ノートパソコン,TSUBAKI,9173,P0532,1
R00530,site_B,オオゾラレッドデイパック,オオゾラ,36764,P0234,3
R00045,site_C,B348-66シルバー冷蔵庫ミドリワークス,ミドリワークス,11805,P0019,1
R00103,site_C,B125-95 空気清浄機 ゲンブ シルバー,ゲンブ,20184,P0046,1
R00757,site_D,掃除機 H950-72 ゲンブ ホワイト,ゲンブ,6984,P0334,1
R00139,site_A,F21543 シラユキ ネイビー 空気清機,シラユキ,18929,P0063,1
R00498,site_E,ワイヤレスヤイホン シラユキ ネイビー Ａ９７７－３９,,12598,P0220,1
R01192,site_E,ネイビー Z153-72 シラユキ 腕時計,シラユキ,21427,P0528,1
R00226,site_A,腕時計 レッド オオゾラ Z961-49,,6999,P0102,1
R01102,site_C,スニーカー Ｇ４９６－８３ ゲンブ ブラック,ゲンブ,29334,P0485,1
R00235,site_A,アカネ電機Ｉ５６３－２７シルバーワイヤレスイヤホン,アカネ電機,19764,P0106,1
R01150,site_E,ホワイト ハヤブサ 洗濯機 Ｗ９５３－２８,ハヤブサ,70626,P0507,1
R00309,site_B,ハヤブサ 腕時計 C29176 ブラック,ハヤブサ,5933,P0140,1
R01329,site_C,◆正規品◆ワイヤレスイヤホン ブラック シラユキ M85320,,9501,P0594,1
R00948,site_E,ブラック O605-31 ノースピーク ノートパソコン,ノースピーク,13337,P0417,1
R00632,site_D,炊飯器ブラックＫ３７６－３５オオゾラ,オオゾラ,8598,P0278,1
R01209,site_E,ゲンブ H49490 液晶テレビ ブラック,ゲンブ,18232,P0534,1
R00644,site_A,【即日発送】ネイビー N69038 ノートパソコン ミドリワークス,ミドリワークス,11379,P0283,1
R01134,site_E,【即日発送】ブラックハヤブサS48925スニーカー,,21713,P0500,1
R00736,site_B,洗濯機S930-40ゲンブ,ゲンブ,24157,P0325,2
R00565,site_C,ソライロ Ｕ９０７－９６ レッド リストウォッチ,ソライロ,11173,P0249,3
R00596,site_B,【送料無料】アカネ電機 リュックサック Ｎ８５３－５２ ホワイト,アカネ電機,20447,P0262,1
R00422,site_A,腕時計 アカネ電機 シルバー ６Ｆ８８８１,アカネ電機,2704,P0188,1
R00857,site_C,D344-15 ネイビー 電子レンジ ハヤブサ,,12018,P0377,2
R00488,site_B,ウォッチネイビーノースピークZ409-92,ノースピーク,8557,P0215,2
R00491,site_C,リストウォッチ ミドリワークス ブラック,ミドリワークス,3977,P0217,3
R00123,site_A,《アウトレット》ソライロ イビー P242-55 電子レンジ,ソライロ,24074,P0056,1
R01265,site_A,シルバー リュックサック オオゾラ K38237,オオゾラ,22802,P0564,1
R00784,site_D,D829-75 ブラック ソライロ 洗濯機,ソライロ,24590,P0346,1
R00729,site_C,ホワイト 無線イヤフォン ゲンブ,ゲンブ,18239,P0321,3
R00646,site_A,S876-56 ネイビー バックパック ノースピーク,,13840,P0284,2
R00964,site_C,腕時計 TSUBAKI W420-10,TSUBAKI,7044,P0424,2
R00401,site_C,D202-97 ネイビー 冷蔵庫 シラユキ,シラユキ,20816,P0180,1
R00600,site_A,ネイー KURO LEDテレビ D362-31,KURO,51662,P0264,3
R01122,site_D,★新品未使用★P178-82 電子レンジ シルバー オオゾラ,オオゾラ,10891,P0496,1
R01172,site_D,ブラックミドリワークススニーカーB772-65,ミドリワークス,24206,P0516,2
R01004,site_C,ミドリワークス L488-24 ネイビー 電子レンジ,ミドリワークス,24759,P0443,1
R01106,site_D,W97317 オオゾラ ブラック 洗濯機,オオゾラ,14773,P0488,1
R01154,site_D,Ｎ２０３－５２ 掃除機 ＫＵＲＯ,KURO,15255,P0509,2
R00856,site_B,D34415 ハヤブサ 電子レンジ,ハヤブサ,11279,P0377,2
R00749,site_C,★新品未使用★K73078ブラックソライロ空気清浄機,ソライロ,5945,P0331,1
R01167,site_C,ブラックTSUBAKI洗濯機F924-14,TSUBAKI,59200,P0515,1
R00751,site_A,ノートパソコン ソライロ P98040 レッド,ソライロ,18821,P0332,2
R00415,site_E,ブラック シラユキ マイクロウェーブ,シラユキ,54087,P0186,3
R00937,site_C,リストウォッチ ハヤブサ ネイビー,ハヤブサ,9105,P0413,3
R00155,site_A,★新品未使用★ノースピーク E73395 腕時計 ネイビー,,3432,P0068,1
R00934,site_B,ブラック ノースーク エアクリーナー,ノースピーク,12346,P0411,3
R01211,site_B,【送料無料】W200-29 ネイビー 掃除機 オオゾラ,オオゾラ,38745,P0535,1
R01301,site_C,レッド リュックサック H682-97 KURO,KURO,27727,P0582,1
R00348,site_E,ノートパソコン S24778 ハヤブサ ホワイト,ハヤブサ,9183,P0160,1
R00497,site_A,ネイビー シラユキ ワイヤレスイヤホン A97739,シラユキ,10001,P0220,1
R01048,site_B,シラユキ ノートパソコン U67057 ネイビー,シラユキ,11466,P0460,2
R00030,site_A,ミドリワークス レッド リュックサック F823-29,ミドリワークス,75614,P0013,1
R00997,site_C,リュックサック レッド Q186-25 アカネ電機,アカネ電機,8061,P0439,1
R00453,site_B,掃除機ハヤブサＢ４５５－４９レッド,ハヤブサ,35786,P0203,1
R00060,site_B,ミドリワークスホワイトＵ１０５－２８腕時計,,16334,P0026,1
R01241,site_D,★新品未使用★スニーカー Ｖ１０８－８６ ブラック オオゾラ,オオゾラ,19317,P0551,2
R00662,site_A,ホワイトKUROK66277リュックサック,KURO,37227,P0291,1
R00739,site_E,ソライロ L664-66 ホワイト 空気清浄機,ソライロ,31248,P0326,1
R01246,site_A,洗濯機 T565-23 ホワイト アカネ電機,アカネ電機,6513,P0553,1
R00517,site_C,【送料無料】TSUBAKI マイクロウェーブ T705-44 レッド,TSUBAKI,11516,P0228,2
R00112,site_D,ネイビー 冷蔵庫 ソライロ U462-48,,7652,P0049,1
R00387,site_D,シルバー電子レンジＵ４２４－９０ＫＵＲＯ,KURO,9669,P0175,1
R00620,site_D,【即日発送】ブラック ソライロ 炊飯器 U259-21,,6694,P0273,1
R00163,site_B,Ｇ８２９－５５ ブラック ミドリワークス 腕時計,ミドリワークス,11740,P0072,1
R00448,site_B,シルバー腕時計オオゾラF94092,オオゾラ,6227,P0201,2
R01046,site_C,Ｕ６０７－５７ ノートＰＣ シラユキ シルバー,,12710,P0460,3
R00121,site_D,電子レンジ ＫＵＲＯ レッド Ｄ２２４－８５,KURO,5138,P0054,1
R00325,site_B,スニーカー ミドリワークス Ｚ７４９５３ シルバー,ミドリワークス,5854,P0147,1
R00502,site_D,シラユキ 冷蔵庫 U13118,シラユキ,33032,P0222,2
R00960,site_D,【送料無料】スニーカー ゲンブ D306-68,ゲンブ,31423,P0422,2
R00743,site_A,オオゾラ 冷蔵庫 シルバー N363-44,オオゾラ,5816,P0328,1
R00094,site_B,Z79925 洗濯機 シルバー ノースピーク,ノースピーク,14219,P0042,1
R00222,site_B,E639-11オオゾラ腕時計ネイビー,オオゾラ,12029,P0098,1
R00968,site_A,アカネ電機 ブラッ クＬ８９７－６４ 空気清浄機,アカネ電機,21537,P0426,1
R00016,site_E,ネイビー Ｗ５４１－１２ ノースピーク 電子レンジ,ノースピーク,18100,P0008,1
R00618,site_D,F98711 スニーカー シルバーミ ドリワークス,ミドリワークス,25021,P0272,2
R01081,site_E,【即日発送】P29094 KURO ネイビー 液晶テレビ,KURO,8198,P0477,1
R00092,site_E,★新品未使用★ホワイト ワイヤレスイヤホン ミドリワークス T658-61,ミドリワークス,9587,P0041,1
R00735,site_A,Ｓ９３０４０洗濯機ホワイトゲンブ,ゲンブ,24193,P0325,2
R00122,site_B,《アウトレット》液晶テレビ ノースピーク J320-53 シルバー,ノースピーク,19788,P0055,2
R00069,site_C,J89297 ゲンブ 電子レンジ ホワイト,ゲンブ,11086,P0030,1
R00281,site_A,N25634 ミドリワークス スニーカー ブラック,,13726,P0127,2
R00803,site_A,Ｘ５９７－５１スニーカーレッドＫＵＲＯ,KURO,10312,P0355,1
R00255,site_D,KURO空気清浄機A636-92レッド,KURO,4583,P0115,1
R00508,site_B,【送料無料】レッド ワイヤレスイヤホン ミドリワークス K540-64,ミドリワークス,7334,P0224,2
R00843,site_C,シルバーオオゾラマイクロウェーブ,オオゾラ,12454,P0370,3
R00642,site_D,【送料無料】Ｎ６９０－３８ネイビーノートパソコンミドリワークス,ミドリワークス,14219,P0283,1
R00081,site_E,シルバー TSUBAKI N306-77 掃除機,TSUBAKI,29715,P0036,1
R00461,site_B,ブラクッ シラユキ R24131 洗濯機,シラユキ,8884,P0206,1
R00519,site_E,W42893 ブラック シラユキ 全自動洗濯機,シラユキ,14588,P0230,3
R01042,site_B,ゲンブ D526-53 ワイヤレスイヤホン,ゲンブ,9377,P0458,2
R00691,site_B,電子レンジ レッド D529-37 ゲンブ,ゲンブ,8504,P0303,1
R00269,site_E,ミドリワークスブラックＮ７９１－３７腕時計,ミドリワークス,10972,P0121,1
R00013,site_C,マイクロウェーブ アカネ電機 ブラック,アカネ電機,8817,P0007,3
R00010,site_C,D482-30ゲンブブッラクシューズ,ゲンブ,17444,P0006,3
R01165,site_A,ノートパソコンZ980-53ミドリワークスホワイト,ミドリワークス,55892,P0514,1
R00884,site_A,A89286 TSUBAKI 冷蔵庫 シルバー,TSUBAKI,9418,P0389,1
R00129,site_A,《アウトレット》Ｅ５２４－４５空気清浄機ゲンブネイビー,ゲンブ,7624,P0058,2
R00607,site_B,★新品未使用★ネイビー O833-58 腕時計 ソライロ,ソライロ,10644,P0267,1
R00004,site_B,ホワイト F982-94 冷蔵庫 TSUBAKI,TSUBAKI,7709,P0002,1
R01190,site_A,シルバー ゲンブ P371-15 晶テレビ,ゲンブ,3295,P0527,1
R01240,site_A,ワイヤレスイヤホン ブラック KURO Z871-37,KURO,7053,P0550,1
R00307,site_D,電子レンジネイビーN629-52ソライロ,ソライロ,3639,P0139,1
R01047,site_D,シルバー ノートパソコン シラユキ Ｕ６０７－５７,,10398,P0460,1
R01314,site_A,アカネ電機 Ｎ３９３５１ ホワイト 液晶テレビ,アカネ電機,4356,P0588,1
R01252,site_C,リュックサック シラユキ ホワイト S141-96,シラユキ,16837,P0557,2
R00197,site_E,電子レンジ ブラック D91140 ゲンブ,ゲンブ,11557,P0085,1
R00800,site_A,ブラック アカネ電機 炊飯器 J926-70,アカネ電機,14030,P0353,1
R01126,site_A,J85284ブラックゲンブ洗濯機,ゲンブ,9390,P0497,1
R00674,site_E,A99583 冷凍冷蔵庫 ノースピーク ホワイト,ノースピーク,13862,P0296,2
R00611,site_D,アカネ電機 Ｚ４０８－８７ ホワイト 冷蔵庫,アカネ電機,4361,P0268,1
R00396,site_D,炊飯器 シルバー Q474-5 オオゾラ,,19935,P0178,1
R00546,site_B,【送料無料】ミドリワークス S91231 レッド 掃除機,ミドリワークス,10185,P0241,1
R00989,site_E,M28437ホワイトシューズノーピスーク,ノースピーク,18069,P0435,3
R01032,site_E,ホワイト Ｎ７１６６８ ノースピーク ノートパソコン,,2988,P0455,1
R01137,site_A,電子レンジ A212-75 ホワイト ゲンブ,ゲンブ,9563,P0501,1
R00382,site_B,Ｆ３４６－２４ ネイビー デイパック ＴＳＵＢＡＫＩ,TSUBAKI,10445,P0173,2
R00358,site_B,J474-48 ネイビー ソライロ 空気清浄機,,12562,P0163,1
R00481,site_E,N67026 電子レンジ オオゾラ シルバー,オオゾラ,10355,P0213,1
R00134,site_B,LEDテレビ ソライロ ホワイト W968-29,ソライロ,5439,P0060,2
R01066,site_B,ミドリワークスI262-56ブラック電子レンジ,ミドリワークス,6787,P0471,1
R00987,site_C,ノースピークリュックサックネイビーM780-64,,47019,P0433,2
R00767,site_C,★新品未使用★シラユキ N714-76 炊飯器 ホワイト,シラユキ,7216,P0338,1
R00809,site_A,X327-35 ハヤブサ スニーカー,ハヤブサ,2237,P0357,2
R01155,site_C,KURO 掃除機 N20352 ネイビー,KURO,17742,P0509,1
R00475,site_C,【送料無料】E519-85 オオゾラ 空気清浄機 ネイビー,オオゾラ,12276,P0211,1
R00518,site_D,冷蔵庫 シルバー R51780 ソライロ,ソライロ,11380,P0229,1
R00469,site_E,レッド X184-12 ソライロ 掃除機,ソライロ,7836,P0208,2
R00275,site_B,◆正規品◆S873-33アカネ電機無線イヤフォン,アカネ電機,1109,P0124,2
R00096,site_B,ネイビー 液晶テレビ ノースピークF 22048,,11547,P0043,1
R00150,site_B,ノースピークブラックV855-86液晶テレビ,ノースピーク,18432,P0067,1
R00084,site_E,リュックサック ノースピーク E86664 ホワイト,ノースピーク,7777,P0038,1
R00056,site_B,冷蔵庫ノースピークレッドS687-83,ノースピーク,18473,P0025,1
R01088,site_B,ＫＵＲＯ Ｊ８４４３１ シルバー リュックサック,KURO,6696,P0479,2
R01302,site_D,《アウトレット》リュックサック レッド KURO H68297,KURO,28152,P0582,1
R00814,site_B,ＬＥＤテレビ シルバー オオゾラ,オオゾラ,7873,P0358,3
R00316,site_D,★新品未使用★Y724-26 ワイヤレスイヤホン オオゾラ ブラック,オオゾラ,10609,P0143,1
R01111,site_C,Ｓ８９７－６０ ＫＲＵＯ エアクリーナー,KURO,2419,P0491,2
R01331,site_E,★新品未使用★H545-66 シラユキ ホワイト ワイヤレスイヤホン,シラユキ,11674,P0595,2
R00584,site_A,ハヤブサ 空気清浄機 Y41291 シルバー,ハヤブサ,9796,P0258,1
R01188,site_B,レッドKUROLEDテレビ,KURO,10576,P0525,3
R00332,site_C,アカネ電機 炊飯器 N478-38 ホワイト,アカネ電機,21327,P0150,1
R00873,site_C,《アウトレット》N382-48 ハヤブサ 液晶テレビ,ハヤブサ,14281,P0386,2
R00544,site_B,レッド オオゾラ ワイヤレスイヤホン R562-91,オオゾラ,14602,P0240,1
R00116,site_D,ホワイト アカネ電機 K394-59 空気清浄機,アカネ電機,16300,P0053,1
R00119,site_C,◆正規品◆アカネ電機 空気清浄機 ホワイト K39459,アカネ電機,15469,P0053,1
R00377,site_D,腕時計 X57441 ハヤブサ,ハヤブサ,6730,P0172,2
R00789,site_B,【即日発送】リストウォッチノースピークＬ４７１－６１ネイビー,,6253,P0348,2
R00790,site_A,スニーカー ゲンブ Ｌ３０７－３６,ゲンブ,12373,P0349,2
R00399,site_D,シラユキネイビー冷蔵庫D202-97,シラユキ,22931,P0180,1
R00171,site_E,《アウトレッ》バックパックホワイトハヤブサE401-64,ハヤブサ,24143,P0074,3
R00879,site_A,シラユキ ホワイト バックパック,シラユキ,10543,P0388,3
R01039,site_A,オオゾラ腕時計Y238-79,オオゾラ,8458,P0457,2
R00574,site_B,レッド液晶テレビハヤブサU587-89,ハヤブサ,15331,P0253,1
R00542,site_C,ホワイトゲンブL883-25LEDテレビ,ゲンブ,9831,P0239,3
R00243,site_B,★新品未使用★シルバー リュックサック アカネ電機 W15172,アカネ電機,99184,P0110,1
R00264,site_A,Ｋ６４５－２１シルバーオオゾラ空気清浄機,オオゾラ,32403,P0119,1
R01139,site_B,ミドリワークス シルバー C144-65 リュックサック,ミドリワークス,17645,P0502,1
R00851,site_A,Z55213 ホワイト 液晶テレビ ハヤブサ,ハヤブサ,13294,P0374,1
R00812,site_D,オオゾラ 液晶テレビ G971-79,オオゾラ,7486,P0358,2
R01324,site_C,【即日発送】腕時計 レッド U321-78 ハヤブサ,ハヤブサ,3272,P0593,1
R01108,site_D,★新品未使用★無線イヤフォン ホワイト シラユキ Ｔ５０４－８５,シラユキ,2169,P0489,2
R01194,site_B,シラユキ E45080 マイクロウェブー ネイビー,シラユキ,33002,P0529,3
R00616,site_B,ホワイト 腕時計 G442-19 ソイロ,ソライロ,12107,P0271,1
R01085,site_E,TSUBAKI シューズ レッド,TSUBAKI,8371,P0478,3
R00509,site_E,W434-78 ラップトップ オオゾラ ネイビー,オオゾラ,1571,P0225,3
R00117,site_B,《アウトレット》Ｋ３９４－５９ アカネ電機 空気清浄機 ホワイト,アカネ電機,16603,P0053,1
R00068,site_D,ネイビー ゲンブ 電子レンジ J89297,ゲンブ,11647,P0030,2
R00474,site_D,Ｏ７２６４８ ＫＵＲＯ 腕時計 ブラック,,9289,P0210,2
R01175,site_B,ミドリワークス洗濯機シルバーY246-52,ミドリワークス,17964,P0518,2
R00788,site_E,ノースピーク 腕時計 ブラック L471-61,ノースピーク,7837,P0348,1
R00126,site_B,Ｚ６０７－６３ エアクリーナー ＫＵＲＯ ブラック,KURO,21240,P0057,2
R00865,site_E,ハヤブサ レッド Z293-14 ワイヤレイスヤホン,ハヤブサ,8464,P0382,2
R00395,site_C,炊飯器 オオゾラ シルバー Q474-58,オオゾラ,24484,P0178,1
R01043,site_E,【即日発送】ワイヤレスイヤホン ゲンブ ネイビー Ｄ５２６－５３,ゲンブ,9297,P0458,1
R00787,site_A,ワイヤレスイヤホン ホワイト ノースピーク D370-87,ノースピーク,10988,P0347,1
R00821,site_E,ブラックJ375-73シラユキ洗濯機,シラユキ,45205,P0361,1
R00078,site_D,シラユキ 冷蔵庫 ブラック Ｈ２８１－３２,シラユキ,19734,P0034,1
R01169,site_B,ミドリワークス スニーカー B772-65 レッド,ミドリワークス,25414,P0516,1
R01267,site_C,オオゾラ K38237 リュックサック,オオゾラ,22834,P0564,2
R00099,site_C,★新品未使用★レッド K907-48 シラユキ ノートPC,シラユキ,94826,P0044,2
R00967,site_D,◆正規品◆アカネ電機 空気清浄機 L897-64 ブラック,アカネ電機,20652,P0426,1
R01034,site_D,ブラック 掃除機 W240-85 ソライロ,ソライロ,14734,P0456,2
R01285,site_B,ハヤブサ D121-31 シルバー ワイヤレスイヤホン,ハヤブサ,19159,P0574,1
R00110,site_A,ホワイト X32152 ゲンブ 薄型TV,ゲンブ,4078,P0048,3
R01205,site_A,Ｗ７５４２６ＴＳＵＢＡＫＩラップトップ,,8977,P0532,2
R00494,site_A,シューズ レッド P628-87 KURO,,19279,P0218,3
R01136,site_B,ハヤブサスニーカーS489-25ブラック,ハヤブサ,23419,P0500,1
R01226,site_D,【即日発送】H536-39 ブラック オオゾラ ワイヤレスイヤホン,オオゾラ,10219,P0544,1
R01123,site_A,マイクロウェーブ ホワイト P187-82 オオゾラ,オオゾラ,11661,P0496,2
R00958,site_E,Ｖ５８６－７５ 無線イヤフォン ゲンブ,ゲンブ,8267,P0421,2
R00928,site_B,掃除機 レッド R22722 ライロ,ソライロ,5678,P0409,1
R00939,site_D,ハヤブサ U524-35 腕時計 ネイビー,ハヤブサ,10905,P0413,1
R00973,site_D,Ｒ７７５－９０ ＴＳＵＢＡＫＩ 腕計,TSUBAKI,15721,P0429,2
R00290,site_A,オオゾラ 炊飯器 V161-67 シルバー,,8257,P0130,1
R00943,site_C,Ｎ３５８－９１ 電子レンジ ＫＵＲＯ,KURO,22474,P0414,2
R00946,site_B,リュックサック ハヤブサ A131-96 ホワイト,ハヤブサ,21342,P0416,1
R00555,site_B,アカネ電機Z228-47レッド腕時計,アカネ電機,21455,P0244,1
R00527,site_A,【送料無料】ホワイト KURO I76017 ノートパソコン,KURO,5001,P0233,1
R00251,site_A,ノートPC J90754 TSUBAKI,TSUBAKI,5370,P0113,2
R01330,site_A,◆正規品◆シラユキ H545-66 レッド ワイヤレスイヤホン,シラユキ,11918,P0595,2
R01230,site_B,【送料無料】Ｘ１０１－８９ ゲンブ ネイビー リュックサック,ゲンブ,8914,P0545,1
R00029,site_B,ミドリワークスレッドF823-29リュックサック,ミドリワークス,80072,P0013,1
R00589,site_A,ノースピークブラックX319-30洗濯機,ノースピーク,8831,P0260,1
R00887,site_A,リストウォッチ Q827-98 TSUBAKI,TSUBAKI,10373,P0391,2
R01304,site_A,【即日発送】N965-85 クリーナー ブラック ソライロ,ソライロ,4646,P0584,3
R00587,site_C,シルバー Ｙ４１２－９１ 空気清浄機 ハヤブサ,ハヤブサ,10534,P0258,1
R01315,site_B,O34853ノースピーク腕時計レッド,ノースピーク,15911,P0589,1
R00929,site_C,《アウトレット》ソライロR227-22掃除機,ソライロ,6863,P0409,2
R00162,site_D,《アウトレット》ミドリワークス 腕時計 G82955,ミドリワークス,12291,P0072,2
R01089,site_E,★新品未使用★リュックサック J84431 KURO,KURO,5289,P0479,2
R01199,site_A,ホワイトマイクロウェーブゲンブ,ゲンブ,13251,P0530,3
R00970,site_B,リュックサック J954-89 アカネ電機,アカネ電機,11318,P0427,2
R01014,site_C,ミドリワークス シルバー 腕時計 Ｕ５４２４７,ミドリワークス,5876,P0447,2
R00002,site_C,《アウトレット》Ｑ１４４－９６ ホワイト シラユキ ワイヤレスイヤホン,シラユキ,13376,P0001,1
R01239,site_A,Ａ６３６－６４シラユキ空気清浄機レッド,シラユキ,5408,P0549,1
R00562,site_D,シバーM791-78掃除機KURO,KURO,12007,P0248,1
R00944,site_C,★新品未使用★E303-33 液晶テレビ シラユキ ネイビー,,2956,P0415,1
R00107,site_B,【送料無料】ホワイト ハヤブサ W84935 腕時計,ハヤブサ,7070,P0047,1
R00753,site_B,シラユキV947-52洗濯機レッド,シラユキ,12220,P0333,1
R01236,site_A,X443-10 TSUBAKI 電子レンジ ブラック,TSUBAKI,9905,P0548,1
R00578,site_E,◆正規品◆レッド R291-15 TSUBAKI ノートパソコン,TSUBAKI,7676,P0254,1
R00306,site_B,オーブンレンジ ソライロ N629-52,ソライロ,3560,P0139,2
R01024,site_C,◆正規品◆炊飯器B 31726 ノースピーク,ノースピーク,15466,P0452,2
R01284,site_C,シルバー ハヤブサ R143-34 腕時計,ハヤブサ,7884,P0573,1
R00698,site_E,G996-8 7ノートパソコン ホワイト TSUBAKI,,25335,P0307,1
R01255,site_E,◆正規品◆洗濯機 レッド Ｌ４６４－１５ ミドリワークス,ミドリワークス,12064,P0559,1
R01052,site_E,冷蔵庫 Ｂ５３８－４２ ブラック アカネ電機,アカネ電機,4736,P0462,1
R00798,site_A,《アウトレット》T715-14 シルバー 液晶テレビ ソライロ,,4534,P0351,1
R01166,site_A,ウォッシャーブラックTSUBAKI,TSUBAKI,52516,P0515,3
R00860,site_C,シルバー ノートパソコン Q12664 ソライロ,ソライロ,8814,P0378,1
R00496,site_E,E917-95 シラユキ ネイー 電子レンジ,シラユキ,59987,P0219,2
R01069,site_A,【送料無料】ハヤブサ 炊飯器 O889-12 ネイビー,ハヤブサ,4735,P0472,1
R00899,site_B,スニーカーP488-40シラユキレッド,シラユキ,7036,P0396,1
R00247,site_E,《アウトレット》ネイビー 腕時計 ゲンブ G379-93,ゲンブ,22102,P0111,1
R01171,site_E,B772-65 ミドリワークス スニーカー,ミドリワークス,24686,P0516,2
R00991,site_E,Y49969ソライロオーブンレンジ,ソライロ,10827,P0436,2
R00220,site_A,シルバー Ｍ５３１－２１ 腕時計 ミドリワークス,ミドリワークス,4475,P0097,1
R00531,site_A,リュックサック U95183 オオゾラ,オオゾラ,33206,P0234,2
R00705,site_C,R449-97 レッド シラユキ 掃除機,シラユキ,11439,P0310,1
R01279,site_E,ミドリワークス Ｍ５６０－９５ ホイト 掃除機,ミドリワークス,19301,P0569,2
R00877,site_D,★新品未使用★ノートパソコンブラックV94359TSUBAKI,,17009,P0387,1
R01308,site_C,TSUBAKIK217-74ネイビーマイクロウェーブ,TSUBAKI,13242,P0586,3
R00525,site_A,腕時計 シラユキ シルバー P75917,シラユキ,15688,P0232,1
R00588,site_C,ノートパソコン ブラック アカネ電機 W87143,アカネ電機,17390,P0259,2
R00369,site_C,シラユキ U378-20 ネイビー 炊飯器,シラユキ,32498,P0167,1
R00692,site_E,【即日発送】アカネ電機 C373-84 ネイビー スニーカー,アカネ電機,12144,P0304,1
R00418,site_D,クリーナー ブラックゲンブ,ゲンブ,18548,P0187,3
R00983,site_A,G664-68エアピュリファイアノースピーク,ノースピーク,47152,P0432,2
R00675,site_D,冷蔵庫 シルバー A995-83 ノースピーク,ノースピーク,13984,P0296,1
R01058,site_A,レッドＴＳＵＢＡＫＩＭ３８１－５１掃除機,TSUBAKI,15807,P0466,1
R00380,site_A,X574-41 レッド ヤブサ 腕時計,ハヤブサ,5401,P0172,1
R00213,site_A,【即日発送】ブラック ハヤブサ B548-29 リュックサック,ハヤブサ,6734,P0093,1
R00764,site_C,ノースピーク レッド W34-16 掃除機,ノースピーク,8470,P0337,1
R00730,site_C,シラユキ 空気清浄機 J23739 ネイビー,シラユキ,7759,P0322,1
R00479,site_B,C373-53ノートPCシラユキ,シラユキ,24473,P0212,2
R00846,site_E,【送料無料】ゲンブブラック冷凍冷蔵庫,ゲンブ,14297,P0371,3
R01298,site_E,◆正規品◆アカネ電機 U418-29 ワイヤレスイヤホン,アカネ電機,8832,P0580,2
R01245,site_D,ホワイト Ｔ５６５－２３ アカネ電機 洗濯機,アカネ電機,5412,P0553,1
R01000,site_C,アカネ電機 H11544 冷蔵庫 レッド,アカネ電機,19782,P0440,1
R00900,site_A,★新品未使用★シラユキ スニーカー P488-40 レッド,シラユキ,6810,P0396,1
R01307,site_A,リュックサック ノースピーク G708-21,ノースピーク,2781,P0585,2
R00320,site_C,《アウトレット》ブラック冷蔵庫L131-15ノースピーク,ノースピーク,6391,P0145,1
R00852,site_E,ホワイト H46264 腕時計オ オゾラ,オオゾラ,15161,P0375,1
R01031,site_A,ノースピークラップトップホワイト,ノースピーク,2803,P0455,3
R00455,site_A,ハヤブサ B455-49 ブラック 掃除機,ハヤブサ,31309,P0203,2
R00714,site_B,シューズ ブラック シラユキ,シラユキ,32128,P0315,3
R01087,site_B,運動靴 レッド TSUBAKI,TSUBAKI,6616,P0478,3
R00300,site_A,ネイビー M94898 冷蔵庫 ノースピーク,ノースピーク,5428,P0136,1
R00196,site_A,E722-91 腕時計 ミドリワークス,,17931,P0084,2
R00144,site_B,◆正規品◆X719-58 TSUBAKI ノートPC,TSUBAKI,10530,P0065,2
R00792,site_A,オオゾラ S622-95 レッド ワイヤレスイヤホン,,12138,P0350,2
R00949,site_D,★新品未使用★Ｏ６０５３１ ブラック ノートパソコン ノースピーク,ノースピーク,11706,P0417,1
R00532,site_C,オオゾラ ネイビー 洗濯機 Y61439,オオゾラ,16929,P0235,1
R01040,site_E,ウォッチ Ｙ２３８－７９ オオゾラ,オオゾラ,8271,P0457,2
R00254,site_A,洗濯機 シルバー ソライロ P81554,ソライロ,5017,P0114,1
R00759,site_E,TSUBAKI ホワイト R98660 冷蔵庫,TSUBAKI,13745,P0335,2
R00886,site_E,レッド T95692 TSUBAKI ウォッシャー,,5800,P0390,2
R00499,site_C,ネイビー A97739 シラユキ ワイヤレスイヤホン,シラユキ,10347,P0220,1
R01286,site_D,《アウトレト》D121-31 ワイヤレスイヤホン ハヤブサ レッド,ハヤブサ,17329,P0574,2
R00528,site_C,★新品未使用★リュックサック Ｕ９５１８３ レッド オオゾラ,オオゾラ,33273,P0234,1
R00441,site_C,【送料無料】ホワイトS119-69ゲンブ液晶テレビ,ゲンブ,33057,P0196,2
R01080,site_D,液晶テレビKUROP290-94,KURO,8245,P0477,2
R01202,site_E,D652-71 ホワイト ノースピクー 腕時計,ノースピーク,18007,P0531,1
R00305,site_E,【即日発送】アカネ電機 リストウォッチ ブラック,アカネ電機,4032,P0138,3
R00361,site_A,◆正規品◆オオゾラ 電子レンジ Ｔ５５７－６３ レッド,オオゾラ,5106,P0164,1
R00791,site_C,シルバー シューズ ゲンブ,ゲンブ,11264,P0349,3
R00194,site_C,E722-91ミドリワークスネイビー腕時計,ミドリワークス,15813,P0084,1
R00149,site_A,ブラック ミドリワークス 洗濯機 Ｌ６６８－５５,ミドリワークス,6763,P0066,1
R01079,site_A,ノースピーク ブラック 炊飯器 P33944,ノースピーク,4167,P0476,1
R00434,site_A,【即日発送】Ｃ１３７－７４シラユキノートパソコンホワイト,シラユキ,12301,P0193,2
R00695,site_C,ホワイトLEDテレビF968-18ゲンブ,ゲンブ,7571,P0305,3
R00635,site_B,Ｊ８７７－２６ハヤブサブラックスニーカー,ハヤブサ,6958,P0280,1
R00941,site_E,《アウトレット》N358-91 電子ンジ ネイビー KURO,KURO,21531,P0414,1
R01187,site_E,I43-15 KURO 液晶テレビ,KURO,9003,P0525,2
R00405,site_B,オオゾラ 液晶テレビ X524-12,オオゾラ,14916,P0181,2
R00992,site_C,ブラック 電子レンジ ソライロ Y499-69,ソライロ,12822,P0436,1
R00375,site_C,【即日発送】ノースピク掃除機Ｆ８４６－２９シルバー,ノースピーク,7838,P0171,1
R00722,site_A,【即日発送】ハヤブサ洗濯機Ｉ８２８－１０,ハヤブサ,19698,P0319,2
R01003,site_E,◆正規品◆Ｌ４８８２４ ネイビー 電子レンジ ミドリワークス,ミドリワークス,23507,P0443,1
R00847,site_C,ネイビー ハヤブサ X38894 腕時計,ハヤブサ,9539,P0372,1
R00001,site_C,E512-81 ノートパソコン ブラック ハヤブサ,ハヤブサ,10865,P0000,1
R01132,site_B,レッド ノースピーク 掃除機 F959-95,,8329,P0499,1
R00268,site_C,腕時計 N79137 ブラック ミドリワークス,ミドリワークス,12929,P0121,1
R00878,site_D,Ｏ１４８８５シラユキリュックサック,シラユキ,10587,P0388,2
R00715,site_E,シラユキネイビー運動靴T406-63,シラユキ,30782,P0315,2
R00343,site_D,【送料無料】オオゾラ ホワイト シューズ L751-86,オオゾラ,7550,P0158,3
R00184,site_A,洗濯機 レッド オオゾラ Ｃ８２９－２０,,3457,P0080,1
R01311,site_B,◆正規品◆ノートパソコン V20919 ソライロ ブラック,ソライロ,38044,P0587,1
R00625,site_C,C446-87 ノースピクー ウォッチ,ノースピーク,14480,P0276,2
R00894,site_A,ミドリワークス B40045 レッドスニーカー,ミドリワークス,8528,P0394,1
R01104,site_A,Ｎ５２４－３５ 空気清浄機 ミドリワークス,ミドリワークス,19238,P0487,2
R01294,site_C,ゲンブ 冷蔵庫 Ｈ４４０－３４,ゲンブ,50615,P0578,2
R00804,site_E,KURO スニーカー X597-51,KURO,10909,P0355,2
R00950,site_A,O60-31 ノースピーク ホワイト ノートパソコン,ノースピーク,12328,P0417,2
R00028,site_B,ブラックノートパソコンゲンブK908-49,ゲンブ,21128,P0012,1
R00633,site_C,ノートパソコン レッド TSUBAKI K360-25,TSUBAKI,23791,P0279,2
R01149,site_B,A779-95ワイヤレスイヤホンネイビーアカネ電機,アカネ電機,23515,P0506,1
R00020,site_E,【送料無料】ミドリワークス 冷蔵庫 ブラック Ｆ３６１－６３,ミドリワークス,9981,P0010,1
R01320,site_C,◆正規品◆炊飯器 ホワイト Q485-70 ノースピーク,,3792,P0590,2
R00451,site_A,★新品未使用★掃除機 シルバー シラユキ O899-47,シラユキ,9328,P0202,1
R00731,site_D,I644-68電子レンジハヤブサホワイト,ハヤブサ,38385,P0323,1
R00982,site_C,【送料無料】空気清浄機 ノースピーク G664-68 ネイビー,ノースピーク,50920,P0432,1
R00177,site_C,◆正規品◆ミドリワークス 炊飯器 Ｏ４４０－２７,ミドリワークス,6875,P0077,2
R01091,site_B,【送料無料】ホワイト ミドリワークス バックパック,ミドリワークス,24747,P0480,3
R00368,site_A,ネイビー シラユキ ライスクッカー,シラユキ,30312,P0167,3
R00688,site_E,ハヤブサ 液晶テレビ K526-41 ネイビー,ハヤブサ,19578,P0302,1
R00431,site_E,★新品未使用★ハヤブサ レッド Ｈ６９６－４４ 液晶テレビ,ハヤブサ,13583,P0192,1
R01228,site_C,X10189 リュックサック ネイビー ゲンブ,ゲンブ,9752,P0545,1
R00097,site_D,ノースピーク F220-48 LEDテレビ,,12522,P0043,2
R00414,site_C,ブラック シラユキ マイクロウェーブ,シラユキ,55460,P0186,3
R00514,site_B,ネイビー ノースピーク L217-33 電子レンジ,ノースピーク,10609,P0227,1
R00287,site_E,【送料無料】V16167 電気炊飯ジャー オゾラ シルバー,,9319,P0130,3
R00920,site_A,KURO X490-14 レッド 液晶テレビ,KURO,3484,P0404,1
R00218,site_A,ミドリワークス O509-25 炊飯器 レッド,ミドリワークス,7854,P0095,1
R00356,site_B,【送料無料】ノートＰＣ ソライロ Ｄ１８０－１７ ブラック,ソライロ,26067,P0162,3
R00586,site_D,Y412-91 空気清浄機 レッド ハヤブサ,ハヤブサ,9819,P0258,2
R01060,site_C,ブラック オオゾラ T26886 腕時計,オオゾラ,17540,P0467,1
R01278,site_D,M560-95ミドリワークスシルバー掃除機,ミドリワークス,17160,P0569,1
R00215,site_C,B54829 ブラック リュックサック ハヤブサ,,8338,P0093,1
R00334,site_A,ミドリワークス ノートPC ブラック,ミドリワークス,11688,P0152,3
R00577,site_A,R291-15 TSUBAKI ホワイト ノートパソコン,TSUBAKI,8362,P0254,2
R00388,site_E,電子レンジＵ４２４－９０シルバーＫＵＲＯ,KURO,9653,P0175,1
R00977,site_E,【送料無料】Ｖ１４２－２２ ネイビー 腕時計 ＫＵＲＯ,KURO,2442,P0430,1
R00545,site_D,Bluetoothヘッドホン レッド R562-91 オオゾラ,オオゾラ,17188,P0240,3
R00604,site_A,ノートパソコン Ｚ３１６－９５ レッド ノースピーク,ノースピーク,4750,P0266,1
R00888,site_E,【即日発送】ウォッチ Q827-98 TSUBAKI レッド,TSUBAKI,10628,P0391,3
R01333,site_A,【即日発送】968-30ウォッシャーアカネ電機,アカネ電機,4735,P0596,2
R01186,site_A,レドKUROノートパソコンA795-40,KURO,47340,P0524,1
R00278,site_B,◆正規品◆電子レンジ ゲンブ ブラック B963-80,ゲンブ,29392,P0126,1
R01078,site_C,ブラック Ｐ３３９－４４ ノースピーク 炊飯器,ノースピーク,4673,P0476,1
R00708,site_B,ネイビー ノースピーク ライスクッカー,ノースピーク,30991,P0311,3
R01260,site_C,ノートPC シラユキ T384-47,シラユキ,23982,P0562,2
R00905,site_C,ハヤブサ W508-66 ウォッチ,,11693,P0398,2
R01258,site_C,G224-49ノスーピークネイビーデイパック,ノースピーク,52846,P0561,2
R00567,site_A,【送料無料】シルバー P72392 電子レンジ アカネ電機,アカネ電機,6385,P0250,1
R00817,site_D,ノースピーク ホワイト バックパック,,5633,P0359,3
R00178,site_D,オオゾラ S873-47 スニーカー ブラック,オオゾラ,10421,P0078,1
R00037,site_A,◆正規品◆ミドリワークスネイビーT190-65スニーカー,,30919,P0016,2
R00249,site_E,M136-77ノートパソコンレッドオオゾラ,,4736,P0112,1
R00328,site_B,★新品未使用★ハヤブサ P340-76 冷蔵庫,ハヤブサ,5017,P0149,2
R00277,site_C,◆正規品◆シルバー リュックサック Ｊ２１８－４４ オオゾラ,,18883,P0125,1
R00615,site_D,KURO Z75482 レフリジレーター,KURO,12478,P0270,2
R00108,site_C,◆正規品◆ホワイトゲンブ液晶テレビX321-52,,4487,P0048,1
R01214,site_C,掃除機 ソライロ H248-75,ソライロ,27215,P0536,2
R00652,site_A,ソライロ オーブンレンジ K113-90,ソライロ,14323,P0286,2
R01249,site_C,シルバー S94777 アカネ電機 腕時計,アカネ電機,5107,P0555,1
R00055,site_C,◆正規品◆ミドリワークス ネイビー Ｉ７９４－８５ スニーカー,,34154,P0024,1
R00732,site_C,アカネ電機Q680-16薄型TV,アカネ電機,7898,P0324,2
R00022,site_B,ミドリワークス 冷蔵庫 F361-63 ブラック,ミドリワークス,11990,P0010,1
R00032,site_B,N244-84 TSUBAKI ホワイト スニーカー,TSUBAKI,9688,P0014,2
R01201,site_B,ノースピークホワイトD652-71腕時計,ノースピーク,18524,P0531,1
R00240,site_D,ホワイトソライロD835-26レフリジーレター,ソライロ,9272,P0109,3
R00956,site_C,TSUBAKI シルバー B436-43 洗濯機,TSUBAKI,4719,P0420,1
R00637,site_D,ゲンブ 運動靴 ホワイト,ゲンブ,6631,P0281,3
R00669,site_B,シルバー シラユキ シューズ,シラユキ,39417,P0294,3
R00039,site_A,U455-31 ハヤブサ レフリジレーター レッド,ハヤブサ,10787,P0017,2
R00424,site_C,★新品未使用★P11341 ブラック リュックサック ソライロ,ソライロ,17804,P0189,1
R01287,site_E,ネイビー ワイヤレスイヤホン ハヤブサ D21-31,,16469,P0574,2
R00253,site_B,【即日発送】全自動洗濯機 シルバー ソライロ,,6112,P0114,3
R00389,site_B,I97695 KURO 腕時計 ホワイト,KURO,5738,P0176,1
R00840,site_B,ＫＵＲ ＯＭ４７６－６７ 電気炊飯ジャー,KURO,7500,P0368,2
R00363,site_C,◆正規品◆ホワイト 全自動洗濯機 KURO,KURO,4972,P0166,3
R00773,site_A,I617-53ノートパソコンTSUBAKIレッド,TSUBAKI,10491,P0339,1
R00684,site_A,【即日発送】オオゾラ シルバー デイパック,オオゾラ,12659,P0301,3
R01151,site_C,Ｗ９５３２８ ハヤブサ ホワイト 洗濯機,ハヤブサ,61525,P0507,1
R00130,site_C,O76324 ブラック ミドリワース ウォッチ,ミドリワークス,9752,P0059,3
R01133,site_D,《アウトレット》スニーカー ブラック ハヤブサ Ｓ４８９－２５,ハヤブサ,21750,P0500,1
R00976,site_C,TSUBAKIR775-90ウォッチ,TSUBAKI,14732,P0429,2
R00347,site_E,【即日発送】E812-91 ハヤブサ ネイビー 掃除機,ハヤブサ,22645,P0159,1
R00248,site_B,M136-77 ートパソコン オオゾラ レッド,オオゾラ,5472,P0112,1
R01310,site_A,TSUBAKIオーブンレンジK217-74,TSUBAKI,13756,P0586,2
R00357,site_C,J474-48 エアピュリファイア ソライロ ホワイト,ソライロ,11429,P0163,2
R00393,site_A,炊飯器オオゾラシルバーＱ４７４５８,オオゾラ,23253,P0178,1
R01035,site_B,掃除機 W240-85 ホワイ トソライロ,ソライロ,11591,P0456,1
R00006,site_B,【即日発送】I312-62シラユキレッドノートパソコン,シラユキ,8432,P0003,1
R00963,site_E,レッド 液晶テレビ Ｑ８００－４０ ノースピーク,ノースピーク,21254,P0423,1
R00636,site_E,スニーカー ブラック J877-26 ハヤブサ,ハヤブサ,7786,P0280,1
R00833,site_D,全自動洗機 アカネ電機 S43675,アカネ電機,12457,P0365,2
R00556,site_E,アカネ電機 時計 Ｚ２２８－４７ レッド,アカネ電機,22035,P0244,1
R01234,site_B,【送料無料】電子ンレジN174-87ゲンブ,ゲンブ,8653,P0547,2
R00677,site_A,シラユキ シルバー D167-88 LEDテレビ,シラユキ,6973,P0297,2
R00670,site_D,ブラック ゲンブ バキュームクリーナー,ゲンブ,14570,P0295,3
R00582,site_D,【即日発送】オーブンレンジ ホワイト ゲンブ,ゲンブ,35064,P0256,3
R01135,site_A,★新品未使用★ブラック ハヤブサ スニーー Ｓ４８９－２５,ハヤブサ,21021,P0500,2
R00229,site_D,【送料無料】ノースピーク デイパック シルバー A691-77,ノースピーク,10241,P0103,2
R00506,site_A,★新品未使用★R18663ネイビーノースピーク炊飯器,ノースピーク,7109,P0223,1
R00409,site_B,◆正規品◆ノートパソコン ホワイト アカネ電機 Ｂ６４０－２６,アカネ電機,19012,P0183,1
R00706,site_D,シラユキ R449-97 掃除機,シラユキ,10738,P0310,2
R00500,site_A,ホワイトワイヤレスイヤホンU741-88オオゾラ,,26506,P0221,1
R00996,site_C,液晶テレビ ゲンブ Q757-17 ネイビー,ゲンブ,14210,P0438,1
R00052,site_D,★新品未使用★ＴＳＵＢＡＫＩ Ｇ２７０７３ ノートパソコン,,4251,P0022,2
R00385,site_B,TSUBAKI P708-55 ホワイト 炊飯器,TSUBAKI,26009,P0174,1
R00720,site_E,Ｙ３００－４４ シラユキ ホワイト 薄型ＴＶ,シラユキ,8417,P0318,2
R00676,site_C,◆正規品◆シルバー ノースピーク 冷凍冷蔵庫,,14321,P0296,3
R00690,site_E,オーブンレンジ Ｄ５２９－３７ シルバーゲンブ,ゲンブ,7805,P0303,2
R00304,site_D,L65458 アカネ電機 レッド 腕時計,アカネ電機,26222,P0137,1
R00660,site_E,R200-37シラユキ空気清浄機,シラユキ,31737,P0290,2
R01316,site_E,レッドノースピークＯ３４８－５３腕時計,ノースピーク,13797,P0589,1
R01120,site_C,洗濯機 Ｆ２１０－９ シラユキ,シラユキ,5985,P0495,2
R00559,site_E,U189-79 ブラック TSUBAKI スニーカー,TSUBAKI,14895,P0246,1
R00478,site_D,C37353ノートパソコンシラユキ,シラユキ,24289,P0212,2
R00397,site_C,オオゾラ ブラック Z57173 ノートパソコン,オオゾラ,13123,P0179,1
R01097,site_D,E862-90LEDテレビソライロ,ソライロ,64110,P0482,2
R00609,site_C,★新品未使用★Ｏ８３３－５８腕時計ソライロネイビー,ソライロ,9662,P0267,1
R01334,site_B,★新品未使用★ネイビーM968-30アカネ電機洗濯機,アカネ電機,5386,P0596,2
R00154,site_C,ネイビー ウォッチ E733-95 ノースピーク,ノースピーク,3716,P0068,3
R01247,site_B,炊飯器 ネイビー U582-24 TSUBAKI,TSUBAKI,8186,P0554,1
R00131,site_A,レッドソライロ薄型TV,ソライロ,6523,P0060,3
R00061,site_B,M23057電気炊飯ジャーホワイトソライロ,ソライロ,45977,P0027,3
R01129,site_C,ネイビー アカネ電機 腕時計 S836-28,アカネ電機,17937,P0498,1
R00410,site_D,ホワイト アカネ電機 ラップトップ,アカネ電機,20014,P0183,3
R01296,site_D,空気清浄機 ホワイト O73018 ハヤブサ,ハヤブサ,10599,P0579,1
R00296,site_B,ホワイト ミドリワークス S91594 洗濯機,,19125,P0134,1
R00782,site_C,J77382 リュックサック ホワイト ソライロ,ソライロ,18330,P0345,1
R00427,site_B,電子レンジ ハヤブサ U712-93,ハヤブサ,9575,P0190,2
R00216,site_D,ネイビー X56337 冷蔵庫 アカネ電機,アカネ電機,18686,P0094,2
R00696,site_B,ゲンブ F968-18 液晶テレビ,ゲンブ,6754,P0305,2
R00169,site_C,★新品未使用★リュックサック ホワイト E4014 ハヤブサ,,23254,P0074,1
R01105,site_A,◆正規品◆ウォッシャー オオゾラ W973-17 ネイビー,オオゾラ,14738,P0488,2
R00340,site_A,シルバーノースピークデイパック,ノースピーク,19943,P0156,3
R00769,site_A,《アウトレット》電気炊飯ジャー シラユキ N71476 ホワイト,シラユキ,7222,P0338,2
R00710,site_D,空気清浄機 ハヤブサ G715-33,ハヤブサ,10250,P0312,2
R01332,site_D,ブラック アカネ電機 洗濯機 M968-30,アカネ電機,4702,P0596,1
R01237,site_B,TSUBAKIX44310ブラック電子レンジ,TSUBAKI,8160,P0548,1
R00233,site_B,レドッ オーブンレンジ ノースピーク,ノースピーク,13746,P0104,3
R00897,site_C,ソライロ Ｂ４０１－８９ 洗濯機 レッド,ソライロ,6163,P0395,1
R01297,site_B,シルバー Ｕ４１８２９ アカネ電機 ワイヤレスイヤンホ,アカネ電機,10558,P0580,1
R00354,site_A,ノートPCソライロブラック,ソライロ,27668,P0162,3
R01206,site_D,ノートパソコン D58889 ミドリワークス,ミドリワークス,6176,P0533,2
R00766,site_B,Ｎ７１４－７６ 炊飯器 ホワイト シラユキ,シラユキ,7167,P0338,1
R00167,site_A,アカネ電機 電子レンジ Ｗ１１７－７２,,19312,P0073,2
R00898,site_C,Ｐ４８８－４０ スニーカー レッド シラユキ,シラユキ,7576,P0396,1
R00507,site_E,ネイビー ノースピーク 電気炊飯ジャー,ノースピーク,7668,P0223,3
R01195,site_D,シラユキ E450-8 電子レンジ,シラユキ,36101,P0529,2
R01168,site_B,シルバー 洗濯機 F924-14 TSUBAKI,TSUBAKI,59900,P0515,2
R00561,site_B,炊飯器 E449-24 アカネ電機 ブラック,アカネ電機,15600,P0247,1
R00344,site_B,ホワイト スニーカー オオゾラ L751-86,オオゾラ,8881,P0158,1
R00360,site_B,T55763 オオゾラ レッド 電子レンジ,オオゾラ,4477,P0164,1
R00883,site_D,【送料無料】TSUBAKIシルバーレフリジレーター,TSUBAKI,10145,P0389,3
R01017,site_D,ホワイト KURO 電子レンジ T30872,KURO,2363,P0449,2
R00476,site_A,空気清浄機 オオゾラ 519-85,,13077,P0211,2
R01115,site_A,ワイヤレスイヤホン L907-64 ホワイト ハヤブサ,ハヤブサ,12124,P0492,1
R00118,site_A,アカネ電機 空気清浄機 K394-59,アカネ電機,15369,P0053,2
R00776,site_A,オオゾラ H94991 電気炊飯ジャー,オオゾラ,33745,P0341,2
R01125,site_E,◆正規品◆ブラック 洗濯機 Ｊ８５２－８４ ゲンブ,ゲンブ,9025,P0497,1
R01146,site_E,【送料無料】ゲンブ ウォッチ シルバー,ゲンブ,15101,P0505,3
R00994,site_C,ゲンブ 液晶テレビ シルバー P150-73,ゲンブ,6281,P0437,1
R00342,site_E,◆正規品◆スニーカー Ｌ７５１－８６ ホワイト オオゾラ,オオゾラ,7626,P0158,1
R00785,site_C,《アウトレット》洗濯機 D82975 ソライロ ブラック,ソライロ,23906,P0346,1
R00106,site_C,腕時計 ホワイト Ｗ８４９－３５ ハヤブサ,ハヤブサ,8421,P0047,1
R01059,site_B,オオゾラ ネイビー 腕時計 Ｔ２６８－８６,オオゾラ,20458,P0467,2
R00566,site_B,P723-92 シルバー アカネ電機 電子レンジ,アカネ電機,5701,P0250,1
R00780,site_C,冷凍冷蔵庫 ホワイト アカネ電機 Ｊ２３５８８,アカネ電機,5128,P0343,2
R01022,site_C,アカネ電機 ネイビー シューズ,アカネ電機,20856,P0451,3
R00551,site_E,《アウトレット》U673-89 ミドリワークス リュックサック,ミドリワークス,19985,P0243,2
R00802,site_A,液晶テレビ ホワイト ゲンブ U96430,,19487,P0354,1
R00947,site_E,A131-96 ハヤブサ リュックサック,ハヤブサ,22781,P0416,2
R01055,site_C,ワイヤレスイヤホン オオゾラ P683-18 ホワイト,オオゾラ,21972,P0465,1
R00855,site_E,D34415 電子レンジ ハヤブサ ブラック,ハヤブサ,12891,P0377,2
R00463,site_A,Ｒ２４１－３１ シラユキ ブラック 洗濯機,シラユキ,7916,P0206,1
R00648,site_C,ブラック Z899-43 電子レンジ KURO,KURO,46893,P0285,2
R00919,site_E,【送料無料】レッド KURO 液晶テレビ X940-14,,3385,P0404,1
R00054,site_A,ブラック炊飯器アカネ電機３Ｑ６９９１,,6116,P0023,2
R00467,site_A,D278-86 シルバーワイヤレスイヤホン ミドリワークス,ミドリワークス,23621,P0207,1
R00053,site_C,炊飯器 Ｑ３６９－９１ アカネ電機,,6218,P0023,2
R00352,site_D,ブラック LEDテレビ ノースピーク,ノースピーク,13511,P0161,3
R00938,site_A,腕時計 U52435 ハヤブサ,ハヤブサ,10321,P0413,2
R00331,site_E,アカネ電機 炊飯器 ホワイト N47838,アカネ電機,22619,P0150,1
R00824,site_D,W355-91 空気清浄機 TSUBAKI ネイビー,TSUBAKI,52441,P0362,1
R01142,site_E,ソライ ロワイヤレスイヤホン ホワイト A675-63,ソライロ,49878,P0503,1
R01044,site_A,【送料無料】炊飯器 Ｉ３１７３９ オオゾラ,オオゾラ,23229,P0459,2
R00752,site_C,シラユキ V947-52 ウォッシャー,シラユキ,13039,P0333,2
R00245,site_C,シルバー リュックサック アカネ電機 W15172,アカネ電機,84613,P0110,1
R00721,site_D,LEDテレビ Y300-44 シルバー シラユキ,シラユキ,7317,P0318,3
R00638,site_E,《アウトレット》ゲンブ Ａ９５３－５１ スニーカー ホワイト,ゲンブ,6102,P0281,1
R00902,site_B,★新品未使用★空気清浄機 ハヤブサ U50766 レッド,ハヤブサ,4588,P0397,2
R00681,site_A,クリーナー ゲンブ シルバー,ゲンブ,24291,P0299,3
R01180,site_A,洗濯機 ミドリワークス Y878-44 ブラック,ミドリワークス,8351,P0521,1
R00221,site_D,リストウォッチ M531-21 ミドリワークス,ミドリワークス,4783,P0097,2
R01289,site_B,Ｚ６７１－３５ソライロレッド掃除機,ソライロ,7200,P0576,1
R01256,site_A,★新品未使用★洗濯機 ミドリワークス レッド L464-15,ミドリワークス,11794,P0559,1
R00483,site_D,ブラック ノースピーク LEDテレビ,ノースピーク,24613,P0214,3
R00870,site_C,空気清浄機 V829-31 レッド KURO,KURO,6096,P0385,1
R00050,site_B,◆正規品◆エアピュリファイア ソライロ シルバー,,12477,P0021,3
R00893,site_D,【即日発送】ミドリワークス スニーカー B400-45,,7293,P0394,2
R00808,site_A,J39035 レフリジレーター シラユキ,シラユキ,6046,P0356,2
R00568,site_D,ネイビーアカネ電機P723-92電子レンジ,アカネ電機,6530,P0250,2
R01018,site_C,T308-72 電子レンジ KURO ネイビー,KURO,1978,P0449,1
R00187,site_A,《アウトレット》B832-41 シラユキ スニーカー ネイビー,,12120,P0082,1
R00881,site_C,【即日発送】シラユキバックパックO148-85,シラユキ,10200,P0388,2
R01269,site_E,E208-62炊飯器オオゾラ,オオゾラ,15237,P0565,2
R00456,site_E,★新品未使用★Z270-67 空気清浄機 ネイビー ハヤブサ,,41943,P0204,1
R01067,site_D,O889-12ハヤブサネイビー炊飯器,ハヤブサ,6004,P0472,1
R00579,site_B,レッド ソライロ スニーカー P505-23,,16119,P0255,1
R01063,site_D,【即日発送】O418-41 ゲンブ 空気清浄機 ブラクッ,ゲンブ,17870,P0470,1
R00673,site_A,E821-78 ゲンブ 掃除機,ゲンブ,16628,P0295,2
R00231,site_A,電子レンジ L942-25 ノースピーク レッド,ノースピーク,12875,P0104,1
R00619,site_B,ソライロ U259-21 電気炊飯ジャー,ソライロ,6443,P0273,2
R00612,site_D,ブラック KUROX192-54 リュックサック,KURO,15761,P0269,2
R00327,site_A,《アウトレット》ソライロ S205-29 リュックサック,ソライロ,5063,P0148,2
R01065,site_E,ミドリワークス 電子レンジ ブラック I26256,,6729,P0471,1
R00908,site_D,【即日発送】H426-89 洗濯機 レッド KURO,KURO,14098,P0399,1
R00351,site_E,シルバー液晶テレビノースピークＢ９６２－９４,ノースピーク,16089,P0161,2
R00350,site_C,ブラック 液晶テレビ B962-94 ノースピーク,ノースピーク,14163,P0161,2
R00837,site_E,空清浄機ソライロU365-63ネイビー,ソライロ,5445,P0367,1
R00214,site_B,◆正規品◆バックパック ハヤブサ B548-29 ブラック,ハヤブサ,6600,P0093,3
R00779,site_D,冷凍冷蔵庫アカネ電機J235-88シルバー,アカネ電機,4763,P0343,2
R00704,site_B,シラユキ掃除機R449-97レドッ,シラユキ,11116,P0310,1
R00430,site_A,◆正規品◆H69644 ハヤブサ レッド 液晶テレビ,ハヤブサ,14885,P0192,1
R00554,site_D,Z22847アカネ電機腕時計,アカネ電機,18904,P0244,2
R00763,site_B,K690-90 レッド スニーカー ゲンブ,ゲンブ,12545,P0336,2
R00440,site_D,【即日発送】液晶テレビ ゲンブ S119-69 レッド,ゲンブ,34443,P0196,1
R01153,site_B,掃除機 KURO ネイビー N20352,,16910,P0509,1
R00355,site_C,ノートパソコン ソライロ ブラック Ｄ１８０１７,ソライロ,26285,P0162,1
R00774,site_A,【送料無料】S742-79 ホワイト シラユキ スニーカー,シラユキ,23664,P0340,1
R00981,site_B,ブラック M526-12 冷蔵庫 ノースピーク,ノースピーク,12291,P0431,1
R01118,site_A,ウォッシャー Ｄ９１１９６ ゲンブ ブラック,,9165,P0494,3
R01038,site_C,オオゾラＹ２３８－７９腕時計レドッ,オオゾラ,7004,P0457,2
R00486,site_C,【送料無料】Z409-92 腕時計 ノースピーク レッド,ノースピーク,8660,P0215,1
R00104,site_B,空気清浄機Ｂ１２５－９５シルバーゲンブ,ゲンブ,20955,P0046,1
R01179,site_A,掃除機 ソライロ シルバー Ｏ４０５１６,ソライロ,3979,P0520,1
R00370,site_E,ネイビー I753-73 ソライロ 炊飯器,ソライロ,38269,P0168,1
R00447,site_A,レッドF940-92腕時計オオゾラ,オオゾラ,7118,P0201,1
R00593,site_A,ウォッシャー X376-74 ノースピーク,ノースピーク,14470,P0261,2
R00966,site_C,ゲンブ Z604-27 ネイビー 炊飯器,,11446,P0425,1
R01253,site_B,ホワイト L96-28 KURO レフリジレーター,KURO,13183,P0558,2
R00830,site_C,シルバー S126-20 リックサック ソライロ,ソライロ,37824,P0364,1
R00682,site_B,【即日発送】ネイビー 掃除機 Q21347 シラユキ,シラユキ,7896,P0300,1
R01127,site_D,J852-84 洗濯機 ブラック ゲブン,ゲンブ,9793,P0497,1
R00193,site_A,ソライロ Ｚ９７３－１０ ホワイト リュッサクック,ソライロ,11389,P0083,1
R00979,site_A,【即日発送】Ｖ１４２２２ ネイビー ＫＵＲＯ 腕時計,KURO,2661,P0430,1
R00986,site_B,デイパックノースピークホワイト,ノースピーク,55140,P0433,3
R00420,site_C,アカネ電機 F688-81 腕時計 シルバー,アカネ電機,2627,P0188,1
R00861,site_D,ブラック M832-22 電子レンジ オオゾラ,オオゾラ,15390,P0379,1
R00279,site_A,【送料無料】電子レンジ Ｂ９６３８０ ゲンブ ブラック,ゲンブ,26643,P0126,1
R01145,site_B,◆正規品◆W357-85マイクロウェーブゲンブ,ゲンブ,11753,P0504,2
R00036,site_C,ミドリワークス ブラック スニーカー T190-65,ミドリワークス,31450,P0016,1
R00849,site_C,ブラック液晶テレビアカネ電機P39743,アカネ電機,7260,P0373,1
R00880,site_E,【即日発送】O148-85 レッド リュックサック シラユキ,シラユキ,10462,P0388,2
R00033,site_D,ブラック TSUBAIK スニーカー N24484,TSUBAKI,9799,P0014,1
R01109,site_C,T50485 ブラック ワイヤレスイヤホン シラユキ,シラユキ,1777,P0489,1
R00835,site_D,ソライロ エアピュリファイア U365-63,ソライロ,6659,P0367,2
R00874,site_B,◆正規品◆ハヤブサN 382-48 LEDテレビ ネイビー,ハヤブサ,13187,P0386,3
R00890,site_A,【即日発送】オオゾラ バキュームクリーナー ネイビー,オオゾラ,3623,P0392,3
R00869,site_D,エアピュリファイア V829-31 レッド KURO,KURO,5159,P0385,3
R00916,site_D,O76848 バキュームクリーナー ハヤブサ ネイビー,ハヤブサ,23310,P0403,2
R00576,site_C,R29115 ラップトップ レッド TSUBAKI,TSUBAKI,9659,P0254,3
R01071,site_A,★新品未使用★スニーカー I41295 ネイビー ノースピーク,,27105,P0473,1
R00242,site_E,アカネ電機 シルバー W15172 リュックサック,アカネ電機,93855,P0110,1
R00515,site_D,マイクロウェーブ L217-33 ノースピーク,ノースピーク,10154,P0227,2
R00862,site_B,《アウトレット》ハヤブサ 電子レンジ Ｈ３６７－６３,ハヤブサ,9191,P0380,2
R01028,site_C,洗濯機レッドP45332ゲンブ,ゲンブ,9647,P0454,1
R00762,site_A,ゲンブ スニーカー ブラック K690-90,ゲンブ,10440,P0336,1
R00663,site_E,K662-77 リュックサック KURO ホワイト,KURO,34400,P0291,1
R00547,site_A,★新品未使用★レッドミドリワークスS91231掃除機,ミドリワークス,10059,P0241,1
R00962,site_A,【即日発送】液晶テレビ レッド ノースピーク Q800-40,ノースピーク,19828,P0423,1
R01325,site_B,ハヤブサホワイトウォッチU321-78,ハヤブサ,2762,P0593,2
R00211,site_E,腕時計 D788-2 6TSUBAKI ネイビー,TSUBAKI,7800,P0091,1
R00176,site_D,【即日発送】Ｏ４４０－２７ 炊飯器 ミドリワークス,ミドリワークス,6633,P0077,2
R00896,site_E,レッドB40189洗濯機ソライロ,ソライロ,6746,P0395,1
R00310,site_D,★新品未使用★シルバー 腕時計 C291-76 ハヤブサ,,7618,P0140,2
R00999,site_E,レッド アカネ電機 レフリジレーター,アカネ電機,21117,P0440,3
R00683,site_A,Q213-47 シラユキ 掃除機 ネイビー,シラユキ,7266,P0300,1
R00924,site_D,ネイビー Ｉ６６４－８４ 冷蔵庫 ミドリワークス,ミドリワークス,32517,P0406,1
R00330,site_B,電気炊飯ジャー アカネ電機 ホワイト,アカネ電機,25065,P0150,3
R00601,site_B,【送料無料】液晶テレビ レッド D362-1 KURO,,56048,P0264,2
R00183,site_D,◆正規品◆ゲンブ K16544 液晶テレビ ホワイト,ゲンブ,11743,P0079,1
R01277,site_C,★新品未使用★M560-95ミドリワークス掃除機,ミドリワークス,19960,P0569,2
R01092,site_D,ミドリワークスホワイトZ539-54リュックサック,ミドリワークス,24349,P0480,1
R00606,site_B,ノースピーク ノートパソコン レッド Z316-95,,4592,P0266,1
R00212,site_A,ネイビー X456-86 アカネ電機 空気清浄機,アカネ電機,6793,P0092,1
R00153,site_E,腕時計 E733-95 ネイビー ノースピーク,ノースピーク,3768,P0068,1
R00834,site_E,Ａ７９６－８８ オオゾラ スニーー,オオゾラ,21725,P0366,2
R00794,site_E,オオゾラ ワイヤレスイヤホン ネイビー Ｓ６２２－５９,オオゾラ,10070,P0350,2
R00166,site_C,◆正規品◆ホワイト アカネ電機 オーブンレンジ,アカネ電機,17780,P0073,3
R00111,site_E,ソライロU462-48冷蔵庫,ソライロ,6718,P0049,2
R00102,site_B,TSUBAKI バックパック レッド,TSUBAKI,10103,P0045,3
R00575,site_C,レッド ハヤブサ 薄型ＴＶ,,14809,P0253,3
R01131,site_D,レッドバキュームクリーナーF959-95ノースーク,,7917,P0499,3
R01309,site_D,オーブンレンジネイビーTSUBAKI,TSUBAKI,12835,P0586,3
R00484,site_E,【即日発送】液晶テレビ Ｌ５５８－５５ ノースピーク ブラック,ノースピーク,25504,P0214,1
R01299,site_C,無線イヤフォン Ｕ４１８２９ シルバー アカネ電機,アカネ電機,10223,P0580,3
R00195,site_D,ネイビー ミドリワクス 腕時計 E722-91,ミドリワークス,16096,P0084,1
R00526,site_C,シラユキ シルバー ウォッチ,シラユキ,16093,P0232,3
R01116,site_A,《アウトレット》ブラック ソライロ E96850 液晶テレビ,ソライロ,16777,P0493,1
R00152,site_E,ネイビー ノースピーク 液晶テレビ V855-86,ノースピーク,20437,P0067,2
R00258,site_E,ミドリワークスホワイトリュックサックＮ７４９－４１,,9542,P0116,2
R00539,site_C,アカネ電機P352-96洗濯機シルバー,,5566,P0238,1
R00299,site_E,ブラック 空気清浄機 ＴＳＵＢＡＫＩ Ｓ４７９－５５,TSUBAKI,32379,P0135,1
R01183,site_D,Y878-44ブラックミドリワークス洗濯機,ミドリワークス,7415,P0521,1
R01073,site_C,《アウトレット》TSUBAKI 電気炊飯ジャー X901-30 レッド,TSUBAKI,8780,P0474,2
R00432,site_B,ブラクノートパソコンC137-74シラユキ,シラユキ,12680,P0193,1
R00257,site_B,リュックサックミドリワークスＮ７４９－４１ホワイト,,11333,P0116,1
R00520,site_B,洗濯機 ブラック W428-93 シラユキ,シラユキ,17579,P0230,1
R00338,site_D,液晶テレビ ネイビー M54276 ハヤブサ,ハヤブサ,5555,P0155,1
R00998,site_D,アカネ電機 H115-44 ホワイト レフリジレーター,アカネ電機,20015,P0440,2
R00381,site_E,★新品未使用★TSUBAKIバックパックネイビー,,10359,P0173,3
R00138,site_D,ソライロ レッド A71475 液晶テレビ,ソライロ,14637,P0062,1
R00923,site_C,ミドリワークス 冷蔵庫 I664-84,ミドリワークス,29449,P0406,2
R01339,site_A,ネイビー I623-94 ミドリワークス 電子レンジ,ミドリワークス,36662,P0599,1
R01037,site_B,リストウォッチ オオゾラ シルバー,オオゾラ,7907,P0457,3
R01184,site_A,R504-60 ホワイト ワイヤレスイヤホン ソライロ,,4924,P0522,1
R00079,site_E,★新品未使用★腕時計 オオゾラ V265-28 レッド,オオゾラ,35588,P0035,1
R00438,site_E,【送無料】ゲンブ U149-96 ウォッシャー,ゲンブ,20925,P0195,2
R00263,site_A,スーニカー ＴＳＵＢＡＫＩ Ｑ１９６４０ ホワイト,TSUBAKI,38433,P0118,1
R01157,site_C,ノートパソコン ソライロ V815-57 シルバー,ソライロ,16166,P0511,1
R01290,site_A,ノースピーク ノートパソコン H64-547 ブラック,ノースピーク,14810,P0577,1
R00437,site_C,【送料無料】M66112 アカネ電機 ネイビー リュックサック,アカネ電機,10139,P0194,1
R01162,site_B,ネイビー 腕時計 F608-59 ソライロ,,3678,P0512,2
R00742,site_C,N51727 ゲンブ 液晶テレビ,ゲンブ,14987,P0327,2
R00680,site_D,◆正規品◆ゲンブ シルバー I508-95 掃除機,ゲンブ,27342,P0299,1
R01229,site_E,ゲンブ リュックサック X101-89 ネイビー,ゲンブ,9104,P0545,1
R00179,site_E,ブラックオオゾラシューズ,オオゾラ,10466,P0078,3
R00686,site_A,ハヤブサネイビー液晶テレビK526-41,ハヤブサ,19984,P0302,1
R01083,site_B,P290-4 KURO 液晶テレビ ネイビー,,8599,P0477,1
R00072,site_B,シルバー D15850 腕時計 アカネ電機,アカネ電機,18566,P0031,1
R00444,site_E,ソライロオーブンレンジレッド,ソライロ,20666,P0199,3
R01027,site_D,★新品未使用★ゲンブ リュックサック U80079,ゲンブ,16931,P0453,2
R00622,site_E,シルバー シラユキ A85614 スニーカー,シラユキ,3566,P0274,1
R01033,site_C,W240-85バキュームクリーナーソライロ,ソライロ,13270,P0456,2
R00605,site_D,ノートパソコン ノースピーク レッド Z316-95,ノースピーク,4533,P0266,1
R00417,site_E,ブラック E824-41 ゲンブ 掃除機,ゲンブ,19831,P0187,1
R01140,site_B,★新品未使用★ソライロワイヤレスイヤホンA675-63,ソライロ,54349,P0503,2
R01292,site_E,【即日発送】ゲンブ ブラック 冷蔵庫 Ｈ４０－３４,ゲンブ,53166,P0578,1
R01220,site_D,【即日発送】レッド デイパック ハヤブサ,ハヤブサ,12521,P0540,3
R01328,site_B,M85320 Bluetoothヘッドホン シラユキ,シラユキ,10053,P0594,2
R00077,site_B,スニーカー ソライロ Y660-44 レッド,ソライロ,12376,P0033,2
R01174,site_A,ブラック 洗濯 機ミドリワークス Y246-52,ミドリワークス,15458,P0518,1
R00781,site_B,ホワイト エアピュリファイア ハヤブサ C42417,ハヤブサ,8509,P0344,3
R00141,site_C,空気清浄機 F21543 シラユキ ネイビー,シラユキ,22187,P0063,1
R00207,site_D,シラユキ 薄型TV U44841 ブラック,シラユキ,15762,P0089,3
R00511,site_B,★新品未使用★ネイビー W434-78 オオゾラ ノートパソコン,オオゾラ,1630,P0225,1
R00283,site_E,★新品未使用★シルバーJ401-18オオゾラ液晶テレビ,オオゾラ,16355,P0128,1
R01147,site_B,【送料無料】M670-55ゲンブシルバー腕時計,ゲンブ,14563,P0505,1
R01015,site_B,ネイビー ハヤブサ 洗濯機 W108-41,ハヤブサ,18105,P0448,1
R00386,site_A,【送料無料】KURO 電子レンジ ブラック U424-90,KURO,10173,P0175,2
R00810,site_C,X32735スニーカーハヤブサホワイト,ハヤブサ,2177,P0357,1
R00895,site_D,ソライロ B401-89 洗濯機 レッド,ソライロ,7337,P0395,1
R00402,site_C,【送料無料】ブラックオオゾラＸ５２４１２液晶テレビ,オオゾラ,13309,P0181,1
R00186,site_D,電子レンジアカネ電機ホワイトT34527,アカネ電機,5011,P0081,1
R01016,site_E,ハヤブサ W10841 ネイビー 洗濯機,ハヤブサ,14827,P0448,1
R00786,site_C,ワイヤレスイヤホンノースピークD370-87ホワイト,ノースピーク,10882,P0347,1
R00292,site_E,N44083 TSUBAKI 腕時計 ホワイト,TSUBAKI,2424,P0131,1
R00935,site_E,《アウトレット》シューズE647-67アカネ電機,アカネ電機,8115,P0412,2
R00464,site_E,全自動洗濯機 ブラック シラユキ R241-31,シラユキ,7772,P0206,3
R00955,site_B,★新品未使用★洗濯機B436-43TSUBAKIシルバー,TSUBAKI,5341,P0420,1
R00114,site_A,【即日発送】W295-88 シルバー ワイヤレスイヤホン オオゾラ,オオゾラ,4232,P0051,1
R00025,site_E,ノートパソコン ブラック K908-94 ゲンブ,,18293,P0012,1
R00552,site_B,【即日発送】バックパック ミドリワークス U673-89,ミドリワークス,19995,P0243,2
R00043,site_B,B34-66 冷蔵庫 シルバー ミドリワークス,ミドリワークス,10672,P0019,1
R01217,site_A,液晶テレビ ブラック ミドリワークス Ｆ２２２－９４,,16988,P0538,1
R00549,site_E,ブラック B695-25 液晶テレビ ミドリーワクス,ミドリワークス,6857,P0242,1
R01222,site_D,G485-70 シラユキ ライスクッカー,シラユキ,8494,P0541,2
R00770,site_C,ノートパソコンI617-53TSUBAKIレッド,TSUBAKI,10630,P0339,1
R01288,site_C,《アウトレット》ノースピーク 電子レンジ Y396-93 ホワイト,ノースピーク,8281,P0575,1
R00984,site_A,ノースピーク リュックサック M780-64 ホワイト,ノースピーク,47251,P0433,1
R00980,site_E,ブラック 冷蔵庫 ノースピーク M526-12,ノースピーク,10651,P0431,1
R00965,site_B,ＴＳＵＢＡＫＩ ブラック リストウォッチ,TSUBAKI,6592,P0424,3
R01161,site_C,◆正規品◆腕時計 F608-59 レッド ソライロ,ソライロ,3969,P0512,1
R00760,site_E,運動靴 シルバー ゲンブ K690-90,ゲンブ,12729,P0336,2
R00454,site_C,掃除機 ハヤブサ B45549 レッド,ハヤブサ,29042,P0203,1
R01159,site_D,ノートパソコン ソライロ レッド V81557,ソライロ,15861,P0511,2
R00027,site_A,ブラック K908-49 ノートPC ゲンブ,,17138,P0012,3
R00161,site_D,KURO 掃除機 D482-28 ブラック,KURO,21357,P0071,1
R00772,site_E,ノートパソコン I617-53 ホワイト TSUBAKI,TSUBAKI,12290,P0339,2
R00882,site_B,レフリジレーターSUBAKIシルバー,TSUBAKI,10215,P0389,3
R00339,site_C,ネイビー 薄型TV ハヤブサ,,6057,P0155,3
R00829,site_A,リュックサック ソライロ S216-20,ソライロ,39945,P0364,2
R01216,site_C,冷蔵庫 レッド TSUBAKI Z195-84,TSUBAKI,9470,P0537,2
R01177,site_C,シルバー ソライロ クリーナー,,4511,P0520,3
R00866,site_B,ソライロ R42593 スニーカー ホワイト,ソライロ,9692,P0383,1
R00293,site_B,TSUBAKI ウォッチ ホワイト,TSUBAKI,2205,P0131,3
R00495,site_D,シラユキ E917-95 電子レンジ シルバー,シラユキ,50103,P0219,1
R00450,site_C,Ｏ８９９－４７ シラユキ シルバー 掃除機,シラユキ,9719,P0202,1
R01231,site_D,ノートパソコン Ｖ３２５－３９ ソライロ ブラック,,48314,P0546,1
R00080,site_B,クリーナー N306-77 TSUBAKI,,23518,P0036,2
R00280,site_E,ミドリワーク ススニーカー ブラック Ｎ２５６－３４,ミドリワークス,14195,P0127,2
R00728,site_E,ゲンブ Q238-59 ワイヤレスイヤホン,ゲンブ,22096,P0321,2
R00259,site_C,オオゾラ リュックサック レッド Ｓ７９９－２９,オオゾラ,10924,P0117,1
R00723,site_C,洗濯機 レッド ハヤブサ Ｉ８２８－１０,ハヤブサ,20960,P0319,1
R00159,site_A,《アウトレット》クリーナーレッドKUROD48228,KURO,20097,P0071,2
R00206,site_C,U44841 シルバー シラユキ 液晶テビレ,,16231,P0089,2
R00378,site_E,★新品未使用★ウォッチ X574-41 ハヤブサ レッド,ハヤブサ,6171,P0172,3
R00062,site_A,ソライロ 炊飯器 ホワイト M23057,ソライロ,47540,P0027,1
R00649,site_A,シルバー ＫＵＲＯ 電子レンジ Ｚ８９９４３,KURO,48205,P0285,2
R01306,site_C,ホワイト ノースピーク G708-21 リュックサック,ノースピーク,3116,P0585,1
R01068,site_E,ネイビー ハヤブサ O889-12 炊飯器,ハヤブサ,4683,P0472,1
R00820,site_D,◆正規品◆J37573 洗濯機 ブラック シラユキ,シラユキ,52881,P0361,1
R00046,site_C,★新品未使用★KURO 掃除機 2H43-81,KURO,3350,P0020,2
R00371,site_E,《アウトレット》V927-27 ホワイト ノートパソコン オオゾラ,オオゾラ,13801,P0169,1
R00374,site_E,★新品未使用★ノースピーク 掃除機 F846-29 シルバー,ノースピーク,8441,P0171,1
R00252,site_E,ソライロウォッシャーＰ８１５５４,ソライロ,5159,P0114,2
R00217,site_A,ホワトイ冷凍冷蔵庫アカネ電機,アカネ電機,17863,P0094,3
R01051,site_D,冷蔵庫B53842 ブラック アカネ電機,アカネ電機,5252,P0462,1
R01093,site_E,ネイビー Z539-54 リュックサック ミドリワークス,ミドリワークス,30864,P0480,2
R00953,site_E,リュックサック オオゾラ レッド W906-97,オオゾラ,15068,P0419,1
R00624,site_E,C446-87レッド腕時計ノースピーク,,12452,P0276,1
R00859,site_A,◆正規品◆Ｑ１２６－６４ シルバー ソライロ ノートパソコン,ソライロ,9257,P0378,1
R01335,site_C,◆正規品◆C612-21 ブラク アカネ電機 リュックサック,アカネ電機,10393,P0597,1
R00733,site_D,Q68016 LEDテレビ アカネ電機 ネイビー,,8575,P0324,3
R00885,site_A,TSUBAKI ウォッシャー T956-92,TSUBAKI,6989,P0390,2
R00672,site_B,ゲンブ掃除機Ｅ８２１－７８,ゲンブ,16186,P0295,2
R00839,site_E,KURO 炊飯器 M476-67 ネイビー,KURO,7303,P0368,1
R00656,site_A,オオゾラ電子レンジブラックＸ３８３－３１,オオゾラ,35248,P0288,1
R00132,site_D,液晶テレビ ソライロ レッド Ｗ９６８－２９,ソライロ,6174,P0060,1
R00294,site_B,ゲンブ 炊飯器 Y46431,ゲンブ,6129,P0132,2
R00741,site_E,【即日発送】薄型TV N517-27 ゲンブ ホワイト,ゲンブ,15967,P0327,3
R00014,site_A,Ｗ５４１－１２ノースピーク電子レンジネイビー,ノースピーク,15870,P0008,1
R00630,site_C,電気炊飯ジャー オオゾラ K376-35,オオゾラ,9096,P0278,2
R01143,site_A,電子レンジ W35785 レッド ゲンブ,ゲンブ,11650,P0504,1
R00273,site_A,ネイビー R45327 リュックサック ノースピーク,ノースピーク,3177,P0123,1
R00516,site_E,【即日発送】電子レンジ ＴＳＵＢＡＫＩ Ｔ７０５－４４ レッド,TSUBAKI,11969,P0228,1
R00536,site_D,【送料無料】ノースピークシルバーLEDテレビ,ノースピーク,20490,P0236,3
R00775,site_E,《アウトレット》S742-79 シューズ シラユキ シルバー,シラユキ,20850,P0340,2
R00101,site_B,【送料無料】K907-48 シラユキ シルバー ノートパソコン,シラユキ,97526,P0044,1
R00872,site_A,ネイビー ハヤブサ 液晶テレビ Ｎ３８２－４８,ハヤブサ,12856,P0386,1
R01248,site_E,★新未使用★S947-77腕時計シルバーアカネ電機,,5222,P0555,1
R00270,site_A,Z40998 掃除機 アカネ電機,アカネ電機,26019,P0122,2
R00501,site_C,ホワイシラユキU13118冷蔵庫,シラユキ,35407,P0222,1
R00925,site_E,I664-84 ミドリワークス ネイビー 冷蔵庫,,30340,P0406,1
R00512,site_D,【送料無料Bluetoothヘッドホン S944-87 アカネ電機,アカネ電機,7304,P0226,2
R00070,site_D,★新品未使用★シルバーアカネ電機D15850腕時計,アカネ電機,20525,P0031,1
R00822,site_C,ブラックJ375-73シラユキ洗濯機,シラユキ,47289,P0361,1
R01110,site_C,G207-90 ノートパソコン TSUBAKI ホワイト,TSUBAKI,8142,P0490,1
R01259,site_A,ノースピーク G224-49 ブラック リュックサック,ノースピーク,52058,P0561,1
R01025,site_D,炊飯器 B317-2 レッド ノースピーク,ノースピーク,17178,P0452,1
R01012,site_A,ミドリワークス腕時計レッドU542-47,,6079,P0447,1
R00550,site_B,液晶テレビ B69525 ブラック ミドリワークス,ミドリワークス,7380,P0242,1
R00795,site_D,T715-14 ソライロ 液晶テレビ,ソライロ,3842,P0351,2
R01054,site_E,V620-52 空気清浄機 シルバー オオゾラ,オオゾラ,13219,P0464,1
R00664,site_D,ネイビー アカネ電機 ノートパソコン Z185-26,アカネ電機,9103,P0292,1
R00376,site_D,ノースピーク クリーナー F846-29,ノースピーク,8543,P0171,2
R00425,site_B,◆正規品◆P11341 ソライロ ブラック リュックサック,ソライロ,18537,P0189,1
R01144,site_D,《アウトレット》レッド電子レンジW357-85ゲンブ,ゲンブ,10490,P0504,1
R00661,site_C,R200-37 ネイビー シラユキ 空気清浄機,,28946,P0290,1
R00811,site_D,◆正規品◆スニーカー ハヤブサ Ｘ３２７－３５ ブラック,,2363,P0357,2
R00711,site_E,《アウトレット》Ｐ７８０－７５ 電子レンジ シラユキ,シラユキ,25014,P0313,2
R00288,site_D,V16167オオゾラライスクッカー,オオゾラ,8350,P0130,2
R01200,site_A,ノースピクー D652-71 腕時計 ホワイト,ノースピーク,16307,P0531,1
R01221,site_E,ブラックライスクッカーシラユキG48570,,8725,P0541,3
R00666,site_E,U819-63ホワイト冷凍冷蔵庫シラユキ,シラユキ,14690,P0293,3
R01326,site_D,【即日発送】M853-20 無線イヤフォン シラユキ,,11016,P0594,2
R00042,site_D,KURO スニーカー シルバー P278-38,KURO,13627,P0018,1
R00841,site_C,M47667 炊飯器 KURO ネイビー,KURO,7490,P0368,1
R00659,site_D,空気清浄機 シラユキ ネイビー R200-37,シラユキ,30414,P0290,2
R00903,site_D,ウォッチ ブラック ハヤブサ,,11799,P0398,3
R00709,site_B,ブラック Ｇ７１５－３３ 空気清浄機 ハヤブサ,ハヤブサ,10260,P0312,1
R01282,site_A,バキュームクリーナー レド ミドリワークス,,18188,P0572,3
R01101,site_E,TSUBAKI レッド 液晶テレビ M461-70,TSUBAKI,14078,P0484,1
R00534,site_E,Y61439ネイビー洗濯機オオゾラ,オオゾラ,20143,P0235,1
R00602,site_A,【送料無料】ミドリワークス ホワイト スニーカー J460-89,ミドリワークス,33165,P0265,1
R00473,site_B,リストウォッチ KURO ブラック,,10258,P0210,3
R00228,site_E,ノースピーク A691-77 シルバー リュックサック,ノースピーク,11773,P0103,1
R00482,site_C,液晶テレビノスーピークブラックL558-55,ノースピーク,28959,P0214,1
R01322,site_A,【送料無料】ソライロ スニーカー T65297,ソライロ,10959,P0591,2
R00416,site_D,シラユキ ブラック オーブンレンジ,シラユキ,66314,P0186,3
R00603,site_C,◆正規品◆ノースピーク ブラック ノートパソコン Ｚ３１６－９５,ノースピーク,4084,P0266,2
R00091,site_A,ミドリワークス ホワイト ワイヤレスイヤホン T65861,ミドリワークス,10419,P0041,1
R00429,site_C,リストウォッチ シラユキ O90949,シラユキ,17748,P0191,2
R00224,site_E,◆正規品◆U76123 電子レンジ ハブヤサ,ハヤブサ,8491,P0100,2
R01062,site_C,腕時計 ノースピーク J807-76 ホワイト,,9548,P0469,1
R00778,site_D,腕時計 シルバー Ａ４９９－１０ ＫＵＲＯ,KURO,7220,P0342,1
R00490,site_E,Ｇ５９５－７９ ネイビー ＫＵＲＯ 冷凍冷蔵庫,KURO,44507,P0216,2
R00443,site_D,ホワイト I40335 ゲンブ 掃除機,ゲンブ,16573,P0198,1
R01313,site_C,ブラック V20919 ノートパソコン ソライロ,ソライロ,35089,P0587,1
R00392,site_B,ブラック腕時計G58041アカネ電機,,7571,P0177,1
R00543,site_E,レッド オオゾラ ワイヤレスイヤホン Ｒ５６２－９１,オオゾラ,17288,P0240,1
R00940,site_B,オーブンレンジＫＵＲＯシルバーＮ３５９８１,KURO,17711,P0414,2
R01312,site_A,ノートパソコン ソライロ ブラック Ｖ２０９－１９,ソライロ,36195,P0587,1
R00535,site_D,《アウトレット》Y614-39 ネイビー オオゾラ 洗濯機,オオゾラ,18202,P0235,1
R01227,site_D,X101-89 ネイビー リュックサック ゲンブ,ゲンブ,10453,P0545,1
R00035,site_B,オオゾラ ブラック I58443 掃除機,オオゾラ,4753,P0015,1
R00223,site_E,★新品未使用★運動靴 KURO G674-85 ネイビー,KURO,7842,P0099,2
R00319,site_C,スニーカー KURO Y477-07 レッド,KURO,8071,P0144,1
R01305,site_C,掃除機 ブラック N965-85 ソライロ,ソライロ,4855,P0584,1
R00654,site_B,ソライロ 電子レンジ K11-90,ソライロ,17240,P0286,2
R00362,site_D,空気清浄機 ネイビー ミドリワークス N478-84,,7236,P0165,2
R00147,site_B,★新品未使用★ミドリワークスL66855洗濯機ブラック,ミドリワークス,6100,P0066,1
R00988,site_D,ラップトップ TSUBAKI ブラック,TSUBAKI,13984,P0434,3
R00687,site_B,ネイビー LEDテレビ ヤハブサ,ハヤブサ,21516,P0302,3
R01156,site_D,ワイヤスイヤホン D359-89 シルバー ハヤブサ,,42071,P0510,1
R00151,site_A,【送料無料】ノースピーク V85586 薄型TV,ノースピーク,19966,P0067,2
R00959,site_C,D30668 ゲンブ スニーカー,ゲンブ,36467,P0422,2
R00689,site_C,ネイビー ハヤブサ 液晶テレビ K526-41,ハヤブサ,20373,P0302,1
R00492,site_E,【送料無料】ミドリワークス 腕時計 ブラック Z824-91,ミドリワークス,4548,P0217,1
R00093,site_B,★新品未使用★T658-61 ミドリワークス ワイヤレスイヤホン ホワイト,ミドリワークス,10521,P0041,1
R00435,site_B,リュックサック アカネ電機 ネイビー M66112,アカネ電機,10015,P0194,1
R00510,site_C,【送料無料】ノートパソコン オオゾラ W434-78,オオゾラ,1637,P0225,2
R00452,site_E,レッド ハヤブサ バキュームクリーナー,ハヤブサ,34834,P0203,3
R00563,site_B,シルバー 掃除機 KURO M791-78,KURO,14497,P0248,1
R01268,site_A,炊飯器 ホワイト オオゾラ E28-62,オオゾラ,12904,P0565,1
R00891,site_E,オオゾラＡ３４０－５７ホワイトバキュームクリーナー,,3736,P0392,2
R01181,site_B,Ｙ８７８－４４ ブラック 洗濯機 ミドリワークス,ミドリワークス,6768,P0521,1
R00372,site_C,オオゾラ ノートパソコン ホワイト Ｖ９２７－２７,オオゾラ,15026,P0169,2
R01056,site_A,ワイヤレスイヤホン P68318 オオゾラ ホワイト,オオゾラ,26794,P0465,1
R00876,site_C,ブラックTSUBAKIV943-59ノートパソコン,TSUBAKI,19737,P0387,1
R01119,site_E,ゲンブ ブラック D91196 ウォッシャー,ゲンブ,9239,P0494,3
R01061,site_A,S72214 ソライロ ノートパソコン シルバー,ソライロ,6396,P0468,2
R01225,site_E,シルバー ゲンブ炊飯器 Z91536,ゲンブ,11446,P0543,2
R00807,site_D,ブラック シラユキ 冷蔵庫 J390-35,シラユキ,5525,P0356,1
R01291,site_D,Ｈ６４５４７ ブラック ノートパソコン ノースピーク,ノースピーク,15157,P0577,1
R01075,site_A,X90130 炊飯器 TSUBAKI,TSUBAKI,9962,P0474,2
R00323,site_D,T18378 ウォッャー TSUBAKI ブラック,TSUBAKI,13038,P0146,3
R00990,site_A,電子レンジ ブラック ソライロ Ｙ４９９－６９,ソライロ,10742,P0436,1
R00246,site_A,ゲンブG379-93ネイビー腕時計,ゲンブ,19390,P0111,1
R00015,site_C,◆正規品◆レッドノースピークオーブンレンジW541-12,ノースピーク,16103,P0008,2
R00875,site_A,V94359 ノートパソコン TSUBAKI,TSUBAKI,19278,P0387,2
R00599,site_A,G107-28 炊飯器 シルバー ソライロ,ソライロ,10578,P0263,1
R00972,site_E,ソライロ 腕時計 T727-22,ソライロ,4601,P0428,2
R00768,site_D,ライスクッカー ネイビー シラユキ N714-76,シラユキ,8147,P0338,2
R01273,site_B,LEDテレビ ホワイト TSUBAKI,TSUBAKI,9488,P0567,3
R00641,site_E,N69038ミドリワークスノートパソコンネイビー,ミドリワークス,14549,P0283,1
R00580,site_D,◆正規品◆スニーカー ソライロ レッド Ｐ５０－２３,ソライロ,16248,P0255,1
R00057,site_C,冷凍冷蔵庫 ノースピーク レッド,ノースピーク,17411,P0025,3
R01270,site_D,【送料無料】ホワイト ライスクッカー E208-62 オオゾラ,オオゾラ,13535,P0565,3
R00639,site_B,【送料無料】ネイビー Ｇ５８５５２ カネ電機 ワイヤレスイヤホン,アカネ電機,8019,P0282,1
R00082,site_D,TSUBAKI 掃除機 N306-77,TSUBAKI,28393,P0036,2
R00848,site_B,アカネ電機LEDテレビP39-743,アカネ電機,7350,P0373,2
R00610,site_E,Ｚ４０８－８７アカネ電機ホワイト冷蔵庫,アカネ電機,4220,P0268,2
R00135,site_A,◆正規品◆掃除機 シラユキ ブラック I122-16,,4797,P0061,1
R00127,site_D,ブラックE524-45ンブエアピュリファイア,ゲンブ,8340,P0058,2
R00236,site_B,M846-72 TSUBAKI ワイヤレスイヤホン,TSUBAKI,14702,P0107,2
R00738,site_E,ゲンブ 洗濯機 S930-40 レッド,ゲンブ,28319,P0325,1
R00712,site_B,★新品未使用★ホワイト ハヤブサ スニーカー Q410-88,ハヤブサ,12309,P0314,2
R00819,site_D,◆正規品◆薄型TV ブラック オオゾラ,オオゾラ,18249,P0360,3
R01005,site_B,《アウトレット》ネイビー 電子レンジ ミドリワークス L488-24,,19940,P0443,1
R01223,site_E,ホワイト ノースピーク リュックサック F799-60,,10964,P0542,1
R00365,site_A,O782-23 洗濯機 KURO ブラック,KURO,5589,P0166,2
R00853,site_B,ソライロ ブラック 冷蔵庫 L339-95,ソライロ,23207,P0376,1
R00614,site_B,KURO ホワイト 冷蔵庫 Z754-82,KURO,10180,P0270,1
R00341,site_E,オオゾラ O78284 ノートPC,オオゾラ,10070,P0157,2
R00124,site_D,ネイビー P242-55 電子レンジ ソライロ,ソライロ,24304,P0056,1
R00697,site_C,電子レンジTSUBAKIL87495レッド,TSUBAKI,9286,P0306,1
R00353,site_A,ＬＥＤテレビ ノースピーク ラック,ノースピーク,14588,P0161,3
R01095,site_D,オオゾラ 空気清浄機 N594-32,オオゾラ,10944,P0481,2
R01238,site_E,TSUBAKI ブラック X443-10 電子レンジ,TSUBAKI,9568,P0548,1
R00909,site_E,ライスクッカー ハヤブサ ルバー W49559,ハヤブサ,9461,P0400,2
R00346,site_A,E81291 ハヤブサ ネイビー クリーナー,,22511,P0159,3
R00075,site_D,シルバーミドリワークススニーカーK746-89,ミドリワークス,15864,P0032,1
R00569,site_B,オオゾラ レッド ノートパソコン R860-89,オオゾラ,24084,P0251,1
R00522,site_A,エアクリーナー ノースピーク レッド,ノースピーク,41427,P0231,3
R01170,site_A,Ｂ７７２－６５ スニーカー レッド ミドリワークス,ミドリワークス,24462,P0516,1
R01233,site_A,ノートPC ブラック ソライロ,ソライロ,43306,P0546,3
R00208,site_A,H274-12 KURO ネイビー ワイヤレスイヤホン,KURO,5791,P0090,2
R01293,site_D,レフリジレーター ブラック ゲンブ,ゲンブ,52827,P0578,3
R01176,site_A,シルバーN91230TSUBAKIスニーカー,TSUBAKI,40647,P0519,1
R01160,site_A,《アウトレット》F608-59 腕時計 ソライロ レッド,,4165,P0512,1
R00423,site_E,アカネ電機 シルバー F688-81 リストウォッチ,アカネ電機,2662,P0188,2
R00653,site_D,ソライロ K11390 オーブンレンジ,ソライロ,14226,P0286,2
R00023,site_B,R22429 ノートパソコン ブラック ミドリワークス,ミドリワークス,22100,P0011,1
R00204,site_A,液晶テレビ ブラック シラユキ U448-41,シラユキ,14758,P0089,1
R00412,site_B,《アウトレット》ホワイト スニーカー ミドリワークス S950-69,ミドリワークス,15215,P0184,1
R00694,site_C,運動靴 ネイビー アカネ電機,アカネ電機,12655,P0304,3
R00089,site_C,レッドＯ９５７２７空気清浄機ミドリワークス,ミドリワークス,26099,P0039,1
R01275,site_A,《アウトレット》G311-35 レッド マイクロウェーブ ハヤブサ,ハヤブサ,1980,P0568,3
R01198,site_E,◆正規品◆ホワイト 電子レンジ Ｙ８８１－１７ ゲンブ,ゲンブ,15375,P0530,1
R00146,site_D,X719-58 TUSBAKI ノートパソコン,TSUBAKI,11124,P0065,2
R01084,site_A,レッド スニーカ ＴＳＵＢＡＫＩ Ｑ７４１－５８,TSUBAKI,8414,P0478,1
R00975,site_A,R775-90 シルバー TSUBAKI 腕時計,TSUBAKI,14399,P0429,1
R00011,site_A,【送料無料】Ｙ８３６－４６ アカネ電機 電子レンジ,アカネ電機,8941,P0007,2
R00740,site_D,液晶テレビ レッド N517-27 ゲンブ,ゲンブ,15890,P0327,2
R00838,site_B,U365-63ソライロネイビー空気清浄機,ソライロ,5783,P0367,1
R00658,site_E,ノースピークネイビー液晶テレビB398-20,ノースピーク,5893,P0289,2
R00063,site_D,炊飯器 ソライロ ホワイト M230-57,ソライロ,48997,P0027,1
R00472,site_C,TSUBAKIウォッシャーH727-52シルバー,TSUBAKI,15863,P0209,3
R00647,site_C,ノースピーク バックパック ホワイト S876-56,ノースピーク,12539,P0284,2
R00538,site_E,H529-54マイロクウェーブミドリワークスシルバー,ミドリワークス,8825,P0237,2
R00285,site_C,バキュームクリーナー オオゾラ レッド,オオゾラ,49260,P0129,3
R00827,site_C,ノートPC シルバー ゲンブ,ゲンブ,11419,P0363,3
R00631,site_B,炊飯器 オオゾラ ブラック K376-35,オオゾラ,9191,P0278,1
R00175,site_D,【送料無料】洗濯機 KURO Y59737 ホワイト,KURO,13610,P0076,1
R01318,site_A,◆正規品◆レッド O34853 腕時計 ノースピーク,ノースピーク,17095,P0589,1
R01117,site_C,薄型TVE968-50ソライロ,ソライロ,19364,P0493,2
R01262,site_E,ノートパソコンシラユキT384-47ホワイト,シラユキ,25251,P0562,1
R00442,site_D,冷蔵庫 E286-97 レッド ミドリワークス,ミドリワークス,7174,P0197,1
R00145,site_E,X719-58 ノートパソコン TSUBAKI ネイビー,,10371,P0065,1
R00945,site_E,E303-33 ネイビー液晶テレビ シラユキ,シラユキ,3115,P0415,1
R01197,site_A,E450-80 シラユキ ネイビー 電子レンジ,シラユキ,33818,P0529,1
R00961,site_B,ネイビーゲンブD306-68運動靴,ゲンブ,36824,P0422,2
R00952,site_A,オオゾラ S225-57 シューズ,オオゾラ,11947,P0418,2
R01041,site_C,ゲンブD526-53無線イヤフォンレッド,ゲンブ,8005,P0458,2
R00815,site_A,ノースピーク ホワイト デイパック,ノースピーク,6957,P0359,3
R00345,site_C,オオゾラ Ｌ７５１－８６ スニーカー ホワイト,オオゾラ,8514,P0158,1
R01261,site_D,【即日発送】ノートパソコン T384-47 ホワイト シラユキ,シラユキ,25387,P0562,1
R00863,site_C,ハヤブサ レッド 電子レンジ Ｈ３６７６３,ハヤブサ,9401,P0380,1
R01207,site_A,ノートパソコンミドリワークスD588-89ブラック,ミドリワークス,6250,P0533,1
R00007,site_E,レッド シューズ V955-13 ミドリワークス,ミドリワークス,62240,P0004,2
R01026,site_E,U800-79ネイビーゲンブリュックサック,ゲンブ,15631,P0453,1
R00572,site_A,◆正規品◆レッド U58789 ハヤサ 液晶テレビ,ハヤブサ,13689,P0253,1
R00359,site_E,【送料無料】T55763 シルバー オオゾラ 電子レンジ,オオゾラ,5250,P0164,2
R00816,site_C,◆正規品◆ノースピーク ホワイト H182-49 リュックサック,ノースピーク,5915,P0359,1
R00199,site_D,【送料無料】腕時計 ハヤブサ O55957 シルバー,,4297,P0086,1
R01030,site_A,Ｐ４５３－３２ ゲンブ レッド 洗濯機,ゲンブ,8930,P0454,1
R00367,site_E,炊飯器 ネイビー シラユキ U378-20,,32271,P0167,1
R00747,site_E,Ｃ２７７－２７ 炊飯器 アカネ電機 レッド,アカネ電機,3099,P0330,1
R00521,site_C,レッド空気清浄機 R911-50 ノースピーク,ノースピーク,42553,P0231,1
R01280,site_E,【送料無料】ソライロ ノートパソコン I14645 ブラック,ソライロ,11409,P0570,2
R00157,site_B,TSUBAKIホワイト空気清浄機K425-83,TSUBAKI,11779,P0070,1
R00318,site_B,シルバー オオゾラ Y724-26 Bluetoothヘッドホン,オオゾラ,10218,P0143,2
R00048,site_D,掃除機KUROH24381,KURO,3932,P0020,2
R01321,site_C,【送料無料】レッド スニーカー ソライロ T65297,ソライロ,11239,P0591,1
R00260,site_B,レッド リュックサック オオゾラ Ｓ７９９－２９,オオゾラ,10628,P0117,1
R01010,site_D,ホワイトZ597-88オオゾラリュックサック,オオゾラ,12404,P0445,1
R01163,site_B,S124-65 レッド アカネ電機 液晶テレビ,アカネ電機,30790,P0513,1
R00391,site_D,ホワイト ＫＵＲＯ ウォッチ,KURO,5345,P0176,3
R00400,site_A,Ｄ２０２９７ シラユキ ネイビー 冷蔵庫,シラユキ,21129,P0180,1
R01064,site_C,エアピュリファイア ホワイト O41-41 ゲンブ,ゲンブ,15895,P0470,2
R01235,site_C,X443-10 TSUBAKI オーブンレンジ,,10207,P0548,2
R01057,site_C,レッド M381-51 TSUBAKI 掃除機,TSUBAKI,15757,P0466,1
R00009,site_B,D482-30 ブラック ゲンブ スニーカー,,16528,P0006,1
R00284,site_D,シルバー オオゾラ ＬＥＤテレビ,,16185,P0128,3
R00477,site_D,【送料無料】E519-85 ネイビー オオゾラ 空気清浄機,オオゾラ,11758,P0211,1
R01271,site_B,ミドリワークス M802-83 掃除機,ミドリワークス,25560,P0566,2
R00634,site_C,ハヤブサ J877-62 スニーカー ブラック,ハヤブサ,6834,P0280,1
R00471,site_D,ＴＳＵＢＡＫＩ シルバー Ｈ７２７－５２ 洗濯機,TSUBAKI,13982,P0209,1
R00892,site_B,アカネ電機 掃除機 A630-50,アカネ電機,15878,P0393,2
R00485,site_A,ノースピーク 腕時計 Z409-92 レッド,ノースピーク,9462,P0215,1
R01274,site_C,ホワイトTSUBAKIP515-61LEDテレビ,TSUBAKI,8496,P0567,3
R00783,site_A,Ｊ７７３－８２ リュックサック ソライロ ホワイト,ソライロ,18523,P0345,1
R00238,site_B,Ｑ３１４６１ ノートパソコン シルバー ＫＵＲＯ,,4338,P0108,1
R00926,site_B,TUBAKI ノートパソコン ブラック X29278,TSUBAKI,17211,P0407,1
R01114,site_D,無線イヤフォン ハヤブサ ホワイト,ハヤブサ,10056,P0492,3
R00113,site_C,★新品未使用★ソライロ リュックサック ブラック V746-25,ソライロ,18500,P0050,1
R00854,site_C,◆正規品◆冷凍冷蔵庫 ソライロ ブラック,,24410,P0376,3
R00201,site_A,◆正規品◆ＫＵＲＯ シルバー ノートＰＣ,,10482,P0087,3
R00073,site_C,《アウトレット》K74689 運動靴 ミドリワークス,,14611,P0032,2
R00744,site_B,オオゾラ N363-44 シルバー 冷蔵庫,オオゾラ,5568,P0328,1
R00758,site_B,TSUBAKI冷蔵庫R986-60シルバー,,13503,P0335,2
R00198,site_A,ハヤブサ 腕時計 O559-57 シルバー,ハヤブサ,4594,P0086,1
R00227,site_E,★新品未使用★オオゾラ レッド 腕時計 Ｚ９６１４９,オオゾラ,6988,P0102,1
R00864,site_E,電子レンジ M946-90 ブラック アカネ電機,アカネ電機,16359,P0381,1
R00693,site_A,スニーカー アカネ電機 C373-84 レッド,アカネ電機,12333,P0304,2
R00349,site_C,ハヤブサ ホワイト ノートパソコン S24778,ハヤブサ,8876,P0160,1
R00261,site_E,リュックサックレッドS79929オオゾラ,オオゾラ,9846,P0117,1
R00460,site_B,ブラック リュックサック ミドリワークス N149-69,ミドリワークス,14833,P0205,1
R00230,site_C,★新品未使用★ノースピークデイパックシルバー,ノースピーク,12168,P0103,3
R01243,site_B,ゲンブホワイトリュックサックH900-58,ゲンブ,14538,P0552,1
R01164,site_E,【即日発送】液晶テレビ アカネ電機 S124-65,アカネ電機,33181,P0513,2
R00031,site_D,【送料無料】レッド ミドリワークス リュックサック F823-29,ミドリワークス,65077,P0013,1
R00585,site_E,ハヤブサ Y412-91 空気清浄機 ブラック,ハヤブサ,9316,P0258,2
R01013,site_B,U542-47 ミドリワークス レッド 腕時計,ミドリワークス,6244,P0447,1
R00266,site_A,シラユキ ホワイト ノートPC,シラユキ,18040,P0120,3
R00373,site_D,シルバー オオゾラ 空気清浄機 X77412,,7449,P0170,1
R00801,site_C,ライスクッカー J926-70 ブラック アカネ電機,,13347,P0353,2
R00000,site_B,ノートパソコン ハヤブサ E51281 ブラック,ハヤブサ,10660,P0000,1
R00394,site_E,炊飯器 Q47458 オオゾラ シルバー,オオゾラ,19949,P0178,1
R00049,site_C,【即日発送】ソライロ S569-39 空気清浄機 シルバー,ソライロ,11953,P0021,1
R00850,site_D,Ｚ５５２－１３ 液晶テレビ ホワイト ハヤブサ,ハヤブサ,13959,P0374,2
R00311,site_A,ブラック ハヤブサ ウォッチ,,6247,P0140,3
R00703,site_C,アカネ電機 Y369-59 バキュームクリーナー,アカネ電機,5919,P0309,2
R00326,site_D,Z74953 シューズ ミドリワークス,ミドリワークス,5399,P0147,2
R00995,site_B,Ｑ７５７－１７ 液晶テレビ ゲンブ,ゲンブ,14991,P0438,2
R01124,site_E,P178-82電子レンジオオゾラシルバー,オオゾラ,11914,P0496,1
R01251,site_E,ライスクッカー ハヤブサ レッド,,8472,P0556,3
R00173,site_D,U822-38 レッド 冷蔵庫 シラユキ,シラユキ,11805,P0075,1
R00570,site_A,Y761-48 ゲンブ ブラック 炊飯器,ゲンブ,7669,P0252,1
R01128,site_B,【送料無料】J852-84 洗濯機 ゲンブ ブラック,ゲンブ,8503,P0497,1
R00314,site_C,ゲンブ洗濯機Ｄ２８０－５７,ゲンブ,6244,P0142,2
R01072,site_D,ネイビー I41295 スニーカー ノースピーク,ノースピーク,27865,P0473,1
R00419,site_B,E82441 ブラック ゲンブ 掃除機,ゲンブ,22642,P0187,1
R00719,site_C,LEDテレビ ネイビー シラユキ Y300-44,シラユキ,6907,P0318,2
R01099,site_B,ソライロ E862-90 液晶テレビ シルバー,ソライロ,64257,P0482,1
R00667,site_C,ホワイト U819-63 シラユキ 冷蔵庫,シラユキ,16123,P0293,1
R00906,site_A,H426-89 レッド KURO 洗濯機,KURO,11686,P0399,1
R01295,site_C,ハヤブサ 空気清浄機 ホワイト O730-18,ハヤブサ,10789,P0579,1
R00793,site_D,Bluetoothヘッドホン オオゾラ レッド,オオゾラ,11440,P0350,3
R01272,site_D,TSUBAKI P515-61 液晶テレビ ホワイト,TSUBAKI,7908,P0567,1
R00449,site_D,【即日発送】F9092 腕時計 オオゾラ,オオゾラ,6428,P0201,2
R00957,site_B,《アウトレット》V586-75 ワイヤレスイヤホン ゲンブ ホワイト,ゲンブ,8786,P0421,1
R00262,site_B,スニーカーＴＳＵＢＡＫＩＱ１９６－４０,TSUBAKI,35392,P0118,2
R01242,site_D,H90058 ゲンブ リュックサック ホワイト,ゲンブ,12936,P0552,1
R00617,site_C,◆正規品◆F987-11 ホワイト ミドリワークス スニーカー,ミドリワークス,25633,P0272,1
R00911,site_D,ソライロ 電子レンジ V84458 ネイビー,,26980,P0401,1
R00041,site_B,冷凍冷蔵庫ハヤブサネイビー,ハヤブサ,12091,P0017,3
R01266,site_E,バックパック Ｋ３８２－３７ オオゾラ,オオゾラ,19190,P0564,2
R01006,site_D,電子レンジミドリワークスL848-24ネイビー,ミドリワークス,21939,P0443,1
R00771,site_B,《アウトレット》TSUBAKI ノートパソコン レッド I617-53,TSUBAKI,11444,P0339,1
R00298,site_B,【送料無料】空気清浄機 S479-55 TSUBAKI ブラック,TSUBAKI,32823,P0135,1
R00333,site_C,【即日発送】スニーカー Ｍ８９６５９ ネイビー ゲンブ,ゲンブ,16261,P0151,1
R00716,site_D,ネイビー ワイヤレスイヤホン シラユキ Ｃ９００－６８,シラユキ,9390,P0316,1
R00665,site_B,シラユキ U819-63 ホワイト 冷蔵庫,シラユキ,17016,P0293,1
R00021,site_A,ミドリワークス レフリジレーター F361-63,ミドリワークス,10893,P0010,2
R00936,site_D,アカネ電機レッドE64767スニーカー,アカネ電機,10105,P0412,1
R00470,site_B,シルバー X18412 バキュームクリーナー ソライロ,ソライロ,8296,P0208,3
R01074,site_D,炊飯器Ｘ９０１３０ブラックＴＳＵＢＡＫＩ,TSUBAKI,9341,P0474,1
R00717,site_E,ネイビー ワイヤレスイヤホン Ｃ９０－６８ シラユキ,シラユキ,10456,P0316,1
R01182,site_C,ウォッシャー ミドリワークス Y878-44,,7621,P0521,2
R00679,site_E,掃除機 I50895 ゲンブ シルバー,,28116,P0299,1
R00523,site_E,腕時計シラユキP759-17シルバー,シラユキ,18871,P0232,1
R00312,site_E,ゲンブT140-78レッドノートパソコン,ゲンブ,6843,P0141,1
R00922,site_A,【即日発送】I664-84 ミドリワークス 冷蔵庫 ネイビー,ミドリワークス,26673,P0406,1
R01045,site_E,U607-57 シラユキ ノートパソコン,シラユキ,13126,P0460,2
R01141,site_D,【送料無料】ワイヤレスイヤホン ホワイト ソライロ A67563,ソライロ,61990,P0503,1
R01094,site_C,【即日発送】オオゾラ シルバー エアクリーナー,オオゾラ,9222,P0481,3
R00560,site_D,スニーカーU189-79TSUBAKIブラック,TSUBAKI,17771,P0246,1
R01244,site_B,ウッォシャー ホワイト アカネ電機,アカネ電機,5548,P0553,3
R00702,site_A,腕時計 L937-50 KURO,KURO,5922,P0308,2
R00462,site_C,R241-31シラユキ洗濯機ブラック,シラユキ,9056,P0206,1
R00713,site_C,シラユキ T406-63 スニーカー ブラック,シラユキ,25683,P0315,1
R00428,site_D,ブラック 腕時計 Ｏ９０９－４９ シラユキ,シラユキ,19596,P0191,1
R01008,site_A,Ｓ７３１－２０ ＫＵＲＯ レッド 液晶テレビ,KURO,8661,P0444,1
R00239,site_C,ホワイト 冷蔵庫 D835-26 ソライロ,,8835,P0109,1
R00761,site_C,ゲンブ スニーカー K690-90,ゲンブ,11037,P0336,2
R00003,site_D,ワイヤレスヤイホン シラユキ Ｑ１４４－９６ ホワイト,シラユキ,14837,P0001,1
R00914,site_E,《アウトレット》ブラック Ｏ７６８－４８ ハヤブサ 掃除機,ハヤブサ,21888,P0403,1
R00727,site_D,ホワイト 冷凍冷蔵庫 アカネ電機,アカネ電機,32362,P0320,3
R00707,site_E,シラユキ 掃除機 R449-97 レッド,シラユキ,11230,P0310,1
R00831,site_B,洗濯機ホワイトアカネ電機S436-75,アカネ電機,10915,P0365,1
R01336,site_D,Ｃ６１２－２１ リュックック ブラック アカネ電機,アカネ電機,11122,P0597,1
R00421,site_B,《アウトレット》アカネ電機 腕時計 F688-81,アカネ電機,2485,P0188,2
R00364,site_D,【即日発送】KURO O782-23 レッド 全自動洗濯機,KURO,5487,P0166,2
R00844,site_B,マイクロウェーブC936-16オオゾラ,オオゾラ,12565,P0370,2
R00165,site_D,電子レンジ W11772 アカネ電機 ホワイト,アカネ電機,18129,P0073,1
R00613,site_E,X192-54 レッド KURO リュックサック,KURO,16695,P0269,1
R00087,site_D,レッド O957-27 ミドリワークス 空気清浄機,ミドリワークス,24537,P0039,1
R00553,site_A,レッド アカネ電機 腕時計 Z228-47,アカネ電機,20301,P0244,1
R00754,site_A,【送料無料】レッド シラユキ Ｖ９４７－５２ 濯機,シラユキ,12302,P0333,1
R00074,site_A,シルバー スーニカー K746-89 ミドリワークス,ミドリワークス,14981,P0032,1
R00012,site_B,《アウトレット》ブラック電子レンジY836-46アカネ電機,アカネ電機,7602,P0007,1
R00302,site_D,◆正規品◆ネイビー ノースピーク M948-98 冷蔵庫,ノースピーク,5458,P0136,1
R00651,site_D,電子レンジ KURO Z899-43 ネイビー,KURO,46009,P0285,1
R00591,site_E,★新品未使用★ウォッシャー ノースピーク ブラック,ノースピーク,8374,P0260,3
R01011,site_A,◆正規品◆ワイヤレスイヤホン ブラック B894-54 ハヤブサ,ハヤブサ,17480,P0446,1
R00398,site_D,ラップトップ オオラゾ ブラック,オオゾラ,15163,P0179,3
R00406,site_D,アカネ電機レッド冷凍冷蔵庫,,23235,P0182,3
R00907,site_B,洗濯機レッドH426-89KURO,KURO,12941,P0399,1
R00407,site_B,冷蔵庫 アカネ電機 K27217 レッド,アカネ電機,21769,P0182,1
R00115,site_C,【送料無料】L89782 ラップトップ ミドリワークス,ミドリワークス,16412,P0052,2
R00805,site_D,X59751 KURO スニーカー,KURO,10246,P0355,2
R00645,site_D,ネイビーS87656ノースピークリュックサック,ノースピーク,13139,P0284,1
R00436,site_D,M66112ネイビーデイパックアカネ電機,アカネ電機,11318,P0194,3
R00172,site_C,冷蔵庫 シルバー シラユキ Ｕ８２２－３８,シラユキ,13595,P0075,2
R01148,site_D,【即日発送】シルバー M67055 ゲンブ 腕時計,ゲンブ,14422,P0505,1
R01050,site_A,《アウトレット》アカネ電機 A766-53 ブラック 飯器,,42805,P0461,1
R00100,site_E,ラップトップ K907-48 シラユキ,シラユキ,87501,P0044,2
R00232,site_D,レッド 電子レンジ L94225 ノースピーク,ノースピーク,13992,P0104,1
R00858,site_D,ホワイト D344-15 ハヤブサ 電子レンジ,ハヤブサ,10447,P0377,1
R00746,site_E,【送料無料】TSUBAKI F867-79 洗濯機 ネイビー,TSUBAKI,8495,P0329,1
R00019,site_E,O118-85 炊飯器 ノースピーク,ノースピーク,20301,P0009,2
R00181,site_B,★新品未使用★オオゾラ ブラック S873-47 スニーカー,,11447,P0078,1
R00503,site_E,U131-18シルバーシラユキ冷凍冷蔵庫,,34453,P0222,2
R00627,site_D,★新品未使用★P67871ハヤブサ液晶テレビレッド,ハヤブサ,11775,P0277,1
R00917,site_C,KURO 薄型TV レッド,,3886,P0404,3
R01023,site_E,Ｂ３１７－２６ ノースピーク 電気炊飯ジャー,ノースピーク,16612,P0452,2
R01096,site_C,液晶テレビE862-90ソライロ,ソライロ,59152,P0482,2
R01283,site_E,掃除機 A525-45 レッド ミドリワークス,ミドリワークス,20955,P0572,1
R01002,site_D,C653-76 ホワイト オーブンレンジ アカネ電機,,8528,P0442,2
R01264,site_A,ブラックエアピュリファイアミドリワークス,ミドリワークス,21312,P0563,3
R00411,site_E,【送料無料】ホワイト 運動靴 ミドリワークス,ミドリワークス,18310,P0184,3
R00540,site_D,全自動洗濯機 アカネ電機 シルバー,アカネ電機,6225,P0238,3
R00202,site_E,ネイビー シラユキ Ｙ３９２－６０ 炊飯器,シラユキ,3208,P0088,1
R01152,site_C,ホワイト ノートPC KURO,KURO,9141,P0508,3
R00621,site_D,シラユキ シルバー シューズ,シラユキ,3646,P0274,3
R00109,site_E,ＬＥＤテレビ Ｘ３２１５２ ゲンブ,ゲンブ,3744,P0048,2
R00241,site_E,Ｄ８３５－２６ ホワイト ソライロ 冷蔵庫,ソライロ,8292,P0109,1
R00918,site_B,Ｘ９４０－１４ レッド ＫＵＲＯ 液晶テレビ,KURO,3584,P0404,1
R00426,site_C,U712-93 電子レンジハ ヤブサ レッド,ハヤブサ,7987,P0190,2
R00845,site_B,ゲンブ冷蔵庫O77228ブラック,ゲンブ,16363,P0371,1
R00064,site_B,シルバーゲンブM864-96レフリジレーター,ゲンブ,26800,P0028,2
R00685,site_B,《アウトレット》オオゾラ シルバー デイパック C232-15,オオゾラ,14396,P0301,3
R00390,site_C,★新品未使用★腕時計KUROI976-95ホワイト,KURO,6426,P0176,1
R00026,site_C,ブラック ノートパソコン ゲンブ K90894,ゲンブ,16605,P0012,1
R01077,site_B,ゲンブ G611-30 腕時計,,11955,P0475,2
R00303,site_A,ウォッチ アカネ電機 レッド,,26658,P0137,3
R00051,site_A,ホワイトエアピュリファイアS56939ソライロ,ソライロ,14842,P0021,2
R00643,site_C,N69038 ミドリワークス ノートパソコン ネイビー,ミドリワークス,13656,P0283,1
R00313,site_A,ネイビーゲンブT140-78ノートPC,ゲンブ,7934,P0141,2
R00008,site_A,液晶テレビ ホワイト ノースピーク Ｅ５８０－２９,ノースピーク,6810,P0005,1
R00383,site_C,ネイビー リュックサック TSUBAKI F34624,TSUBAKI,9986,P0173,1
R01250,site_A,アネ電機 腕時計 ブラック S94777,アカネ電機,4566,P0555,2
R00276,site_E,リュックサックシルバーＪ２８１－４４オオゾラ,オオゾラ,22086,P0125,1
R00487,site_E,腕時計Z409-92レッドノースピーク,ノースピーク,7903,P0215,1
R01281,site_C,ホワイト オオゾラ ノートパソコン Ｍ５１２－９３,オオゾラ,10286,P0571,1
R01185,site_C,R158-59 腕時計 ソライロ,ソライロ,4815,P0523,2
R00120,site_E,電子レンジ KURO D224-85 レッド,,6177,P0054,1
R00267,site_A,《アウトレット》腕時計 ミドリワークス N791-37 ブラック,ミドリワークス,11614,P0121,1
R00366,site_D,ホワイトシラユキ U37820 ライスクッカー,シラユキ,36224,P0167,2
R01036,site_A,ソライロ バキュームクリーナー ホワイト,ソライロ,11694,P0456,3
R00225,site_E,薄型V G23334 ミドリワークス,ミドリワークス,10557,P0101,2
R01224,site_A,炊飯器 ゲンブ レッド Ｚ９１５３６,,11281,P0543,1
R00017,site_A,ノースピーク O118-85 炊飯器 シルバー,ノースピーク,22593,P0009,1
R00505,site_B,★新品未使用★ライスクッカー R18663 ノースピーク,ノースピーク,7230,P0223,2
R00629,site_A,オオゾ ラ炊飯器 Ｋ３７６－３５ ブラック,オオゾラ,7277,P0278,1
R00191,site_E,《アウトレット》リュックサック Z973-10 ホイワト ソライロ,ソライロ,12493,P0083,1
R01082,site_C,液晶テレビ ネイビー Ｐ２９０９４ ＫＵＲＯ,KURO,7862,P0477,1
R00489,site_C,シルバー KURO 冷蔵庫 G595-79,,45611,P0216,1
R01138,site_C,シルバーC144-65ミドリワークスリュックサック,ミドリワークス,18082,P0502,1
R01215,site_B,ソライロ クリーナー シルバー H24-875,,24787,P0536,2
R00799,site_A,O15840 TSUBAKI 冷蔵庫 ネイビー,TSUBAKI,19547,P0352,1
R01158,site_E,V81557 ノートパソコン シルバー ソライロ,,16553,P0511,1
R00765,site_D,W234-16 ノースピーク 掃除機,ノースピーク,8716,P0337,2
R00756,site_A,Ｈ９５０－７２ ホワイト 掃除機 ゲンブ,ゲンブ,6399,P0334,1
R00189,site_B,ネイビー シラユキ スニーカー B832-41,シラユキ,12086,P0082,1
R00524,site_B,Ｐ７５９－１７ 腕時計 シラユキ,シラユキ,17208,P0232,2
R00628,site_E,液晶テレビハヤブサP678-71レッド,ハヤブサ,11340,P0277,1
R00745,site_C,洗濯機 F867-79 TSUBAKI イビー,TSUBAKI,8208,P0329,1
R00913,site_B,Ｘ４２９－８９ 炊飯器 アカネ電機 ブラック,アカネ電機,42335,P0402,1
R01208,site_C,《アウトレット》ブラック D588-89 ノートPC ミドリワークス,,6671,P0533,3
R00828,site_D,ラップトップゲブシルバー,ゲンブ,10253,P0363,3
R01178,site_D,Ｏ４０５－１６ シルバー ソライロ 掃除機,ソライロ,4329,P0520,1
R00408,site_E,ノートパソコンアカネ電機B64026ホワイト,アカネ電機,21805,P0183,1
R00796,site_B,ソライロ Ｔ７１５１４ 液晶テレビ ブラック,ソライロ,3833,P0351,2
R00458,site_A,ネイビー エアピュリファイア Z270-67 ハヤブサ,ハヤブサ,38835,P0204,3
R00286,site_B,U535-60 オオゾラ ブラック 掃除機,オオゾラ,51130,P0129,2
R00826,site_A,シルバー O99868 ゲンブ ノートパソコン,ゲンブ,10115,P0363,1
R00823,site_B,空気清浄機 ネイビー W355-91 TSUBAKI,TSUBAKI,53273,P0362,1
R01001,site_C,空気清浄機 ネイビー ＳＴＵＢＡＫＩ Ｏ７０７－７３,TSUBAKI,18210,P0441,1
R00337,site_B,ネイビーシラユキノートPC,シラユキ,8415,P0154,3
R00597,site_D,バックパックアカネ電機N853-52,アカネ電機,25585,P0262,2
R00445,site_B,【即日発送】電子レンジ ソライロ レッド E307-6,ソライロ,21232,P0199,1
R00301,site_C,ネイビー ノースピーク 冷蔵庫 M948-98,ノースピーク,5049,P0136,1
R00336,site_E,ノートパソコン ネイビー シラユキ I45766,シラユキ,8430,P0154,1
R00136,site_D,シラユキ I12216 掃除機,シラユキ,4306,P0061,2
R00529,site_E,バックパック オオゾラ U951-83 レッド,オオゾラ,37845,P0234,2
R00564,site_E,【送料無料】U907-96 レッド ソライロ 腕時計,ソライロ,10874,P0249,1
R01232,site_E,【即日発】ブラック V325-39 ノートパソコン ソライロ,,48840,P0546,1
R01219,site_A,ミドリワークス シルバー シューズ J901-29,ミドリワークス,4323,P0539,3
R00750,site_D,空気清浄機 Ｋ７３０－７８ ソライロ,,5808,P0331,2
R01203,site_C,ノースピークＤ６５２－７１腕時計ホワイト,ノースピーク,16317,P0531,1
R00640,site_D,Ｇ５８５－５２ ワイヤレスイヤホン アカネ電機,アカネ電機,9145,P0282,2
R00608,site_E,【送料無料】O833-58 ネイビー ソライロ 腕時計,ソライロ,10430,P0267,1
R00537,site_B,レッド 電子レンジ H529-54 ミドリワークス,ミドリワークス,8030,P0237,1
R01049,site_D,アカネ電機 炊飯器 A766-53 ネイビー,アカネ電機,34693,P0461,2
R00335,site_D,I404-76ゲンブシルバー電子レンジ,ゲンブ,30047,P0153,1
R00466,site_C,シルバーワイヤレスイヤホンミドリワークスD278-86,ミドリワークス,25171,P0207,1
R00813,site_A,オオゾラ シルバー 液晶テレビ G971-79,オオゾラ,8745,P0358,1
R01113,site_C,Ｌ９０７－６４ ワイヤレスイヤホン ハヤブサ ホワイト,ハヤブサ,10164,P0492,1
R00308,site_C,【送料無料】ブラック ハヤブ 腕時計 C29176,,7262,P0140,1
R00180,site_C,オオゾラS87347ラックスニーカー,オオゾラ,10171,P0078,1
R00933,site_D,【送料無料】ハヤブサ ネイビー バックッパク,ハヤブサ,10910,P0410,3
R00200,site_D,◆正規品K◆UROS524-39ホワイトノートパソコン,KURO,11537,P0087,2
R00295,site_C,冷蔵庫レッドG214-37ゲンブ,ゲンブ,67486,P0133,2
R01254,site_C,洗濯機 ミドリワース L464-15,ミドリワークス,12843,P0559,2
R00164,site_E,★新品未使用★ミドリワークス ブラック G82955 腕時計,ミドリワークス,11848,P0072,1
R00322,site_B,★新品未使用★レフリジレーター ノースピーク Ｌ１３１１５,ノースピーク,7687,P0145,2
R00044,site_D,冷蔵庫B34866ミドリワークス,ミドリワークス,10692,P0019,2
R00598,site_B,シルバー ソライロ 炊飯器 G107-28,ソライロ,10870,P0263,1
R00594,site_E,【即日発送】全自動洗濯機 ノースピーク X376-74,,14772,P0261,2
R00083,site_A,【送料無料】9A84-70 ホワイト 冷蔵庫 TSUBAKI,TSUBAKI,16187,P0037,1
R00993,site_E,シルバーゲンブＰ５０－７３液晶テレビ,ゲンブ,6339,P0437,1
R00797,site_C,ネイビー ソライロ Ｔ７１５－１４ 液晶テレビ,ソライロ,4063,P0351,2
R01103,site_C,冷凍冷蔵庫ミドリワークスU133-32,ミドリワークス,10501,P0486,2
R00974,site_B,【送料無料】シルバーウォッチTSUBAKIR775-90,TSUBAKI,15056,P0429,3
R00777,site_C,オオゾラ Ｈ９４９９１ 炊飯器,オオゾラ,27424,P0341,2
R00065,site_A,ブラック リュックサック ノースピーク N413-20,ノースピーク,10562,P0029,1
R01019,site_E,【送料無料】ＫＵＲＯ オーブンレンジ ネイビー,KURO,1889,P0449,3
R00272,site_C,ノースピーク シルバー R453-27 リュックサック,ノースピーク,2853,P0123,2
R00143,site_A,ＴＳＵＢＡＫＩノートパソコンネイビーＸ７１９－５８,TSUBAKI,10750,P0065,1
R00927,site_C,ノースピーク 無線イヤフォン M885-39 ブラック,ノースピーク,23518,P0408,2
R00657,site_D,◆正規品◆ホワイト 液晶テレビ B39820 ノースピーク,ノースピーク,5828,P0289,1
R00047,site_E,クリーナーKUROH243-81,KURO,3428,P0020,2
R01213,site_D,H24875 ソライロ バキュームクリーナー,ソライロ,25604,P0536,2
R00315,site_C,オオゾラ 無線イヤフォン Ｙ７２４－２６,オオゾラ,10479,P0143,2
R00403,site_A,【送料無料】液晶テレビ ブラック X52412 オオゾラ,,12940,P0181,1
R00581,site_A,《アウトレット》オーブンレンジゲンブD65174ホワイト,,43637,P0256,3
R00921,site_B,【送料無料】ゲンブ Ｇ２９８－１５ ウォッチ,ゲンブ,8092,P0405,2
R01020,site_E,L514-82 腕時計 TSUBAKI レッド,,15777,P0450,1
R00413,site_B,《アウトレット》ノーパトソコン Y691-29 TSUBAKI,TSUBAKI,37208,P0185,2
R00005,site_D,TSUBAKIF982-94冷蔵庫ホワイト,TSUBAKI,8754,P0002,1
R00513,site_B,アカネ電機 ブラック Ｓ９４４８７ ワイヤレスイヤホン,アカネ電機,7187,P0226,1
R01212,site_D,◆正規品◆掃除機 シルバー W200-29 オオゾラ,オオゾラ,39663,P0535,2
R00329,site_C,冷蔵庫 ハヤブサ P340-76 ブラック,ハヤブサ,5253,P0149,1
R01053,site_B,J413-76空気清機シラユキ,シラユキ,4873,P0463,2
R01112,site_E,【即日発送】ワイヤレスイヤホン L907-64 ハヤブサ ホワイト,ハヤブサ,12024,P0492,1
R00734,site_E,アカネ電機 ネイビー 液晶テレビ Ｑ６８０１６,アカネ電機,7263,P0324,1
R00701,site_C,◆正規品◆KURO 腕時計 シルバー L937-50,KURO,6154,P0308,1
R00623,site_E,ミドリワークス Q355-68 ブラック 洗濯機,ミドリワークス,5854,P0275,1
R00737,site_C,S930-40 洗濯機 レッド ゲンブ,ゲンブ,23795,P0325,1
R00439,site_C,ゲンブ ホワイト U149-96 洗濯機,ゲンブ,18907,P0195,1
R00034,site_A,オオゾラI584-43掃除機,オオゾラ,5221,P0015,2
R00971,site_B,◆正規品◆ソライロ ホワイト T727-22 腕時計,,5240,P0428,1
R00210,site_C,腕時計 ネイビー ＴＳＵＢＡＫＩ Ｄ７８８－２６,TSUBAKI,7586,P0091,1
R00067,site_C,N41320 ブラック ノースピーク リュックサック,ノースピーク,9635,P0029,1
R00140,site_D,空気清浄機 ネイビー F215-43 シラユキ,シラユキ,18917,P0063,1
R01070,site_E,スニーカー ネイビー ノースピーク I412-95,,28152,P0473,1
R00915,site_B,★新品未使用★Ｏ７６８－４８ 掃除機 ネイビー ハヤブサ,,24737,P0403,2
R00018,site_B,★新品未使用★O118-85シルバーノースピークライスクッカー,ノースピーク,21579,P0009,3
R00571,site_D,★新品未使用★ブラック Y761-48 ゲンブ 炊飯器,ゲンブ,7897,P0252,1
R00133,site_C,【送無料】W968-29 ソライロ レッド 薄型TV,,6539,P0060,3
R00699,site_D,◆正規品◆シルー KURO L937-50 腕時計,,5932,P0308,1
R01317,site_D,O348-53 腕時計 ノースピーク レッド,ノースピーク,16935,P0589,1
R00533,site_A,Y614-39 洗濯機 オオゾラ ネイビー,オオゾラ,19168,P0235,1
R00671,site_E,【即日発送】ホワイト E821-78 掃除機 ゲンブ,ゲンブ,17168,P0295,2
R00256,site_A,《アウトレット》N749-41 ミドリワークス ホワイト リュックサック,ミドリワークス,9673,P0116,1
R00557,site_E,ネイビー 運動靴 ゲンブ,,5555,P0245,3
R00446,site_D,レッドＤ３３５－８４ノースピーク液晶テレビ,ノースピーク,48465,P0200,1
R01196,site_E,ブラック シラユキ 電子レンジ E450-80,シラユキ,38481,P0529,2
R00818,site_B,ブック 液晶テレビ オオゾラ U160-93,,16515,P0360,1
R01007,site_D,【送料無料】Ｓ７３１２０ ＫＵＲＯ 液晶テレビ レッド,KURO,7907,P0444,1
R00457,site_B,ネイビー ハヤブサ エアピュリファイア,ハヤブサ,43528,P0204,3
R00951,site_B,オオゾラ S225-57 スニーカー ブラック,オオゾラ,11592,P0418,1
R00237,site_C,KUROQ314-61ノートパソコン,KURO,3810,P0108,2
R00978,site_B,KURO 腕時計 ネイビー V142-22,KURO,2164,P0430,1
R00142,site_B,ホワイト 冷蔵庫 ミドリワークス H275-69,ミドリワークス,6006,P0064,1
R00250,site_E,ノートパソコン TSUBAKI J907-54,TSUBAKI,5993,P0113,2
R00291,site_C,シルバー N440-83 TSUBAKI 腕時計,,2195,P0131,2
R00219,site_E,◆正規品◆薄型ＴＶ ブラック オオゾラ Ｕ４９０－７１,オオゾラ,15930,P0096,2
R00668,site_D,シルバー シューズ シラユキ,シラユキ,39738,P0294,3
R01210,site_B,ゲンブ ブラック H494-90 液晶テレビ,ゲンブ,22712,P0534,1
R00718,site_A,P317-51 ワイヤレスイヤホン シラユキ ブラック,シラユキ,8157,P0317,1
R00282,site_B,ミドリワークス ホワイト スニーカー N25364,ミドリワークス,11133,P0127,2
R00040,site_D,ネイビー ハヤブサ U455-31 冷蔵庫,ハヤブサ,10503,P0017,1
R00806,site_C,Ｘ５９７５１ ＫＵＲＯ ニーカー,KURO,10843,P0355,2
R00071,site_C,アカネ電機 ウォッチ D158-50 シルバー,アカネ電機,17032,P0031,3
R00868,site_A,Q53224腕時計TSUBAKIホワイト,TSUBAKI,6982,P0384,2
R00203,site_C,炊飯器Y392-60ネイビーシラユキ,シラユキ,3406,P0088,1
R00590,site_B,全自動洗濯機 ノースピーク ブラック,ノースピーク,8220,P0260,3
R01263,site_B,C55666空気清浄機ミドリワークスブラック,ミドリワークス,21264,P0563,1
R01338,site_B,ミドリワークス オーブンレンジ ネイビー,ミドリワークス,35560,P0599,3
R00910,site_A,★新品未使用★V84458 ソライロ オーブンレンジ,,22410,P0401,2
R01107,site_E,洗濯機 W973-17 ラック オオゾラ,オオゾラ,13402,P0488,1
R01098,site_E,《アウトレット》液晶テレビＥ８６２９０ソライロシルバー,ソライロ,63982,P0482,1
R00748,site_C,アカネ電機C277-27ネイビー電気炊飯ジャー,,2927,P0330,2
R01323,site_D,洗濯機オオラゾＶ２３８－７６,オオゾラ,26963,P0592,2
R00321,site_A,ノースピーク ネイビー 冷蔵庫 L131-15,,6476,P0145,2
R01191,site_B,シラユキ Z15372 リストウォッチ,,19498,P0528,2
R00125,site_B,【即日発送】Ｐ４２２５５ 電子レンジ ネイビー ソライロ,,24501,P0056,1
R00583,site_C,【送料無料】レッド アカネ電機 空気清浄機 Y80123,アカネ電機,32826,P0257,1
R01327,site_E,【送料無料】シラユキ無 線イヤフォン ブラック,シラユキ,9544,P0594,3
R00076,site_A,スニーカー ソライロ Y660-44 ホワイト,ソライロ,11492,P0033,2
R00932,site_E,リュックサック ホワイト ハヤブサ A823-78,ハヤブサ,9427,P0410,2
R00024,site_D,ミドリワークスノートパソコンR224-29ブラック,ミドリワークス,22353,P0011,1
R01121,site_B,シラユキF210-79ホワイト洗濯機,シラユキ,6342,P0495,1
R00234,site_D,★新品未使用★TSUBAKI W573-15 ホワイト 電子レンジ,TSUBAKI,11476,P0105,1
R00548,site_A,薄型TVブラックB69525ミドリワークス,ミドリワークス,6719,P0242,2
R01021,site_A,《アウトレット》C900-74 アカネ電機 スニーカー ネイビー,アカネ電機,19926,P0451,1
R00168,site_B,アカネ電機 W117-72 ホワイト 電子レンジ,アカネ電機,18802,P0073,1
R01173,site_B,ソライロ ホワイト 腕時計 Z84532,,22324,P0517,1
R00836,site_C,ネイビー空気清浄機ソライロＵ３６５６３,ソライロ,6414,P0367,1
R01009,site_B,ＫＵＲＯ レッド Ｓ７３１２０ 液晶テレビ,KURO,9327,P0444,1
R00755,site_D,◆正規品◆レッド シラユキ V947-52 全自動洗濯機,シラユキ,11255,P0333,3
R01257,site_B,ホワイト リストウォッチ Ｙ２８０－８８ ソライロ,ソライロ,16392,P0560,3
R00595,site_B,X376-74ノースピーク洗濯機シルバー,,15618,P0261,1
R00324,site_C,T183-78 ブラック TSUBAKI 濯機,TSUBAKI,13928,P0146,1
R00086,site_C,ノースピーク ホワイト Ｅ８６６－６４ ュックサック,ノースピーク,9841,P0038,1
R00650,site_E,ＫＵＲＯＺ８９－４３マイクロウェーブ,KURO,51926,P0285,2
R01303,site_D,B748-77 洗濯機 ゲンブ シルバー,,48400,P0583,2
R00058,site_E,ブラック S68783 ノースピーク レフリジレーター,ノースピーク,18208,P0025,2
R00404,site_D,X52412 ブラック オオゾラ 液晶テレビ,オオゾラ,12420,P0181,1
R00573,site_D,◆正規品◆ハヤブサ レッド U587-89 液晶テレビ,ハヤブサ,16552,P0253,1
R00904,site_A,ブラック W508-66 ハヤブサ 腕時計,ハヤブサ,14423,P0398,1
R00912,site_B,【即日発送】ソライロ 電子レンジ ネイビー V844-58,ソライロ,26663,P0401,2
R00626,site_A,ノースピーク レッド 腕時計 C446-87,ノースピーク,12759,P0276,1
R01090,site_A,【即日発送】ミドリワークス デイパック Z539-54,ミドリワークス,30641,P0480,2
R00541,site_A,アカネ電機 シルバー P352-69 洗濯機,アカネ電機,5128,P0238,1
R00942,site_D,電子レンジ N358-1 ネイビー KURO,KURO,22409,P0414,1
R00384,site_D,リュックサックネイビーF346-24TSUBAKI,TSUBAKI,12296,P0173,1
R01086,site_C,レッド TSUBAKI スニーカー Q74158,TSUBAKI,7141,P0478,1
R00985,site_D,Ｍ７８０６４ ホワイト リュックサック ノースピーク,ノースピーク,55151,P0433,1
R00379,site_B,【送料無料】ハヤブサ リストウォチ レッド,ハヤブサ,6556,P0172,3
R01300,site_A,【送料無料】C886-39 シルバー アネ電機 液晶テレビ,アカネ電機,9935,P0581,1
R01193,site_A,ネイビーリストウォッチシラユキ,シラユキ,18097,P0528,3
R01076,site_E,X901-30 TSUBAKI 炊飯器,TSUBAKI,10298,P0474,2
R00655,site_A,シルバー 無線イヤフォン シラユキ,シラユキ,17367,P0287,3
R01189,site_A,J289-79ゲンブシルバー空気清浄機,ゲンブ,13263,P0526,1
R01218,site_B,シルバーミドリワークスＪ９０１２９スニーカー,ミドリワークス,4516,P0539,2
R00160,site_B,【送料無料】D482-28掃除機KUROブラック,KURO,18991,P0071,1
R00059,site_A,ノースピーク S687-83 冷蔵庫 レッド,ノースピーク,20496,P0025,1
R00148,site_E,◆正規品◆ブラック ミドリワークス 洗濯機 L668-55,ミドリワークス,5956,P0066,1
R00174,site_E,レッド 冷蔵庫 U82238 シラユキ,シラユキ,12072,P0075,1
R00088,site_A,エアクリーナー Ｏ９５７２７ ミドリワークス,ミドリワークス,28058,P0039,2
R01029,site_B,P453-32 全自動洗濯 機ゲンブ,ゲンブ,8674,P0454,2
R00954,site_E,B43643 TSUBAKI ウォッシャー,TSUBAKI,4281,P0420,2
R00726,site_B,アカネ電機冷蔵庫J244-48,アカネ電機,32452,P0320,2
R00265,site_B,Ｋ４６５－２１シルバー空気清浄機オオゾラ,オオゾラ,33962,P0119,1
R00480,site_A,シラユ C37353 ラップトップ,シラユキ,21246,P0212,2
R00066,site_E,デイパック ノースピーク ブラック N41320,ノースピーク,9819,P0029,3
R00209,site_B,リストウォッチ Ｄ７８８－２６ ＴＳＵＢＡＫＩ ネイビー,,6646,P0091,3
R00297,site_A,S915-94 洗濯機 ミドリワークス ホワイト,ミドリワークス,20383,P0134,1
R01337,site_B,★新品未使用★ホワイトK563-30腕時計ノースピーク,,11486,P0598,1
R00156,site_B,T609-17アカネ電機ラップトップレッド,アカネ電機,5450,P0069,3
R00901,site_E,★新品未使用★スニーカー Ｐ４８８－４０ レッド シラユキ,,6488,P0396,1
R00182,site_C,★新品未使用★ホワイト ゲンブ Ｋ１６５－４４ 液晶テレビ,ゲンブ,10284,P0079,1
R00700,site_E,腕時計シルバーKUROL93750,KURO,5576,P0308,1
R01100,site_B,アカネ電機Bluetoothヘッドホンブラック,アカネ電機,6892,P0483,3
R00931,site_A,◆正規品◆バックパック ネイビー Ａ８２３－７８ ハヤブサ,ハヤブサ,10630,P0410,2
R00969,site_E,L89764 アカネ電機 空気清浄機,アカネ電機,21405,P0426,2
R00930,site_A,★新品未使用★シルバー R227-22 ソライロ 掃除機,ソライロ,6587,P0409,2
R00317,site_E,《アウトレット》Y724-26 ワイヤレスイヤホン オゾオラ ブラック,オオゾラ,10130,P0143,1
R00158,site_C,D482-28掃除機KUROブラック,KURO,21760,P0071,1
R00205,site_B,シラユキ U448-41 液晶テレビ,シラユキ,13830,P0089,2
R00832,site_A,S436-75 洗濯機 アカネ電機,,13200,P0365,2
R00128,site_B,エアクリーナー ゲンブ シルバー,ゲンブ,7249,P0058,3
R00090,site_A,【即日発送】レッド ラップトップ ミドリワークス,ミドリワークス,10678,P0040,3
R00558,site_A,スニーカー U189-79 ブラック TSUBAKI,TSUBAKI,17126,P0246,1
R00825,site_E,ノートPC シルバー ゲンブ,ゲンブ,10781,P0363,3
R00871,site_D,【即日発送】ネイビー薄型TVハヤブサ,ハヤブサ,15327,P0386,3
R00170,site_A,E40164 ハヤブサ リュックサック ホワイト,ハヤブサ,22773,P0074,1
R00289,site_B,炊飯器 V161-67 オオゾラ,オオゾラ,9206,P0130,2
R01276,site_D,★新品未使用★電子レンジ G31135 ハヤブサ レッド,ハヤブサ,2119,P0568,1
R00190,site_D,【即日発送】ネイビー シラユキ シューズ,シラユキ,13227,P0082,3
R01130,site_B,【即日発送】アカネ電機S836-28ネイビー腕時計,アカネ電機,16437,P0498,1
R00867,site_E,◆正規品◆ホワイト ソライロ R425-93 スニーカー,ソライロ,10404,P0383,1
R00095,site_E,洗濯機 シルバー Z799-25 ノースピーク,ノースピーク,14630,P0042,1
R00459,site_A,バックパック N149-69 ミドリワークス ホワイト,ミドリワークス,14448,P0205,2
R01319,site_A,ノースピーク 電気炊飯ジャー ネイビー,ノースピーク,4133,P0590,3
R00271,site_E,Ｒ４５３－２７ ノースピーク リュックサック,ノースピーク,2892,P0123,2
R00192,site_B,Z973-10 ホワイト ソライロ リュックサック,ソライロ,11485,P0083,1
R00433,site_C,C137-74ブラックシラユキノートパソコン,シラユキ,12769,P0193,1
R00724,site_E,アカネ電機J244-48冷蔵庫ホワイト,アカネ電機,32590,P0320,1
R00465,site_B,ネイビーワイヤレスイヤホD278-86ミドリワークス,ミドリワークス,28180,P0207,2
R00098,site_A,ノースピーク ネイビー 液晶テレビ F220-48,ノースピーク,10563,P0043,1
R00592,site_C,◆正規品◆X376-74 ノースピーク 洗濯機 シルバー,ノースピーク,13818,P0261,1
R00105,site_E,空気清浄機ゲンブシルバーＢ１２５－９５,ゲンブ,18943,P0046,1
R00185,site_C,Ｔ３４５２７ アネカ電機 ホワイト 電子レンジ,,4931,P0081,1
R00244,site_D,【即日発送】リュックサック W151-72 アカネ電機,,87224,P0110,2
R00842,site_B,ブラック ノートパソコン Ｆ７０６－７２ シラユキ,シラユキ,2270,P0369,2
R00137,site_C,★新品未使用★ブラック 掃除機 I122-1 シラユキ,シラユキ,4240,P0061,1
R00038,site_B,T190-65 運動靴 ミドリワークス,ミドリワークス,25655,P0016,2
R00468,site_A,ソライロ シルバー バキュームクリーナー X184-12,ソライロ,7876,P0208,3
R00504,site_C,◆正規品◆炊飯器ノースピークネイビーR186-63,ノースピーク,7613,P0223,1
R00085,site_B,◆正規品◆ノースピークリュックサックホワイトＥ８６６－６４,ノースピーク,9164,P0038,1
R00725,site_A,冷庫J244-48ホワイトアカネ電機,アカネ電機,36345,P0320,1
R00678,site_C,【送料無料】ネイビー 液晶テレビ KURO D703-72,KURO,35030,P0298,1
